0.000000000000000000e+00,9.999989999999999712e-01
1.000899791717529297e+00,9.999989999999999712e-01
2.001799821853637695e+00,9.999980000000000535e-01
3.002699613571166992e+00,9.999989999999999712e-01
4.003599643707275391e+00,9.999989999999999712e-01
5.004499435424804688e+00,1.000002000000000058e+00
6.005399465560913086e+00,1.000000000000000000e+00
7.006299257278442383e+00,1.000002999999999975e+00
8.007199048995971680e+00,9.999989999999999712e-01
9.009099006652832031e+00,1.000003999999999893e+00
1.000999879837036133e+01,9.999980000000000535e-01
1.101089882850646973e+01,9.999989999999999712e-01
1.201179862022399902e+01,9.999970000000000248e-01
1.301269865036010742e+01,1.000000000000000000e+00
1.401359844207763672e+01,1.000000000000000000e+00
1.501449847221374512e+01,1.000000000000000000e+00
1.601542448997497559e+01,1.000000000000000000e+00
1.701642441749572754e+01,9.999989999999999712e-01
1.801742434501647949e+01,1.000000000000000000e+00
1.901842451095581055e+01,1.000000000000000000e+00
2.001942443847656250e+01,9.999980000000000535e-01
2.102042436599731445e+01,1.000000999999999918e+00
2.202142429351806641e+01,1.000000000000000000e+00
2.302242445945739746e+01,1.000000999999999918e+00
2.402342438697814941e+01,1.000002000000000058e+00
2.502342438697814941e+01,1.000007000000000090e+00
2.602342438697814941e+01,9.999970000000000248e-01
2.702342438697814941e+01,1.000000000000000000e+00
2.802342438697814941e+01,1.000000000000000000e+00
2.902342438697814941e+01,9.999989999999999712e-01
3.002342438697814941e+01,9.999989999999999712e-01
3.102342438697814941e+01,9.999989999999999712e-01
3.202342438697814941e+01,1.000000000000000000e+00
3.302342438697814941e+01,1.000000000000000000e+00
3.402342438697814941e+01,9.999989999999999712e-01
3.502342438697814941e+01,1.000000000000000000e+00
3.602342438697814941e+01,9.999989999999999712e-01
3.702442431449890137e+01,1.000000999999999918e+00
3.802442431449890137e+01,9.999989999999999712e-01
3.902442431449890137e+01,9.999980000000000535e-01
4.002442431449890137e+01,1.000000000000000000e+00
4.102442431449890137e+01,1.000000999999999918e+00
4.202442431449890137e+01,9.999989999999999712e-01
4.302442431449890137e+01,1.000000000000000000e+00
4.402442431449890137e+01,9.999980000000000535e-01
4.502442431449890137e+01,1.000000999999999918e+00
4.602442431449890137e+01,9.999970000000000248e-01
4.702442431449890137e+01,9.999980000000000535e-01
4.802442431449890137e+01,1.000000000000000000e+00
4.902442431449890137e+01,9.999980000000000535e-01
5.002442431449890137e+01,9.999980000000000535e-01
5.102442431449890137e+01,9.999980000000000535e-01
5.202442431449890137e+01,9.999989999999999712e-01
5.302442431449890137e+01,9.999970000000000248e-01
5.402442431449890137e+01,9.999940000000000495e-01
5.502442431449890137e+01,1.000000000000000000e+00
5.602442431449890137e+01,9.999970000000000248e-01
5.702442431449890137e+01,1.000000000000000000e+00
5.802442431449890137e+01,9.999970000000000248e-01
5.902442431449890137e+01,9.999989999999999712e-01
6.002442431449890137e+01,1.000000999999999918e+00
6.102442431449890137e+01,1.000000000000000000e+00
6.202442431449890137e+01,1.000000000000000000e+00
6.302442431449890137e+01,1.000000999999999918e+00
6.402442431449890137e+01,9.999989999999999712e-01
6.502442431449890137e+01,9.999989999999999712e-01
6.602442431449890137e+01,1.000000999999999918e+00
6.702442431449890137e+01,1.000000000000000000e+00
6.802542424201965332e+01,9.999989999999999712e-01
6.902542424201965332e+01,9.999989999999999712e-01
7.002542424201965332e+01,9.999980000000000535e-01
7.102542424201965332e+01,1.000000000000000000e+00
7.202542424201965332e+01,9.999970000000000248e-01
7.302542424201965332e+01,9.999989999999999712e-01
7.402542424201965332e+01,1.000000000000000000e+00
7.502542424201965332e+01,9.999980000000000535e-01
7.602542424201965332e+01,9.999980000000000535e-01
7.702542424201965332e+01,9.999980000000000535e-01
7.802542424201965332e+01,9.999980000000000535e-01
7.902542424201965332e+01,9.999970000000000248e-01
8.002542424201965332e+01,9.999989999999999712e-01
8.102542424201965332e+01,9.999980000000000535e-01
8.202542424201965332e+01,9.999980000000000535e-01
8.302542424201965332e+01,9.999989999999999712e-01
8.402542424201965332e+01,1.000000000000000000e+00
8.502542424201965332e+01,1.000000999999999918e+00
8.602542424201965332e+01,1.000000000000000000e+00
8.702542424201965332e+01,1.000000000000000000e+00
8.802542424201965332e+01,1.000000000000000000e+00
8.902542424201965332e+01,9.999980000000000535e-01
9.002542424201965332e+01,9.999989999999999712e-01
9.102542424201965332e+01,1.000002000000000058e+00
9.202542424201965332e+01,1.000000000000000000e+00
9.302542424201965332e+01,1.000000000000000000e+00
9.402542424201965332e+01,1.000000000000000000e+00
9.502542424201965332e+01,1.000000999999999918e+00
9.602542424201965332e+01,1.000000000000000000e+00
9.702542424201965332e+01,1.000000999999999918e+00
9.802542424201965332e+01,1.000000999999999918e+00
9.902542424201965332e+01,1.000000000000000000e+00
1.000254242420196533e+02,1.000000999999999918e+00
1.010254242420196533e+02,1.000000000000000000e+00
1.020254242420196533e+02,9.999980000000000535e-01
1.030254242420196533e+02,9.999989999999999712e-01
1.040254242420196533e+02,1.000002999999999975e+00
1.050254242420196533e+02,1.000002000000000058e+00
1.060254242420196533e+02,9.999989999999999712e-01
1.070254242420196533e+02,9.999980000000000535e-01
1.080254242420196533e+02,1.000000000000000000e+00
1.090254242420196533e+02,9.999989999999999712e-01
1.100254242420196533e+02,9.999989999999999712e-01
1.110254242420196533e+02,9.999989999999999712e-01
1.120254242420196533e+02,9.999980000000000535e-01
1.130254242420196533e+02,9.999980000000000535e-01
1.140254242420196533e+02,9.999989999999999712e-01
1.150254242420196533e+02,9.999989999999999712e-01
1.160254242420196533e+02,9.999970000000000248e-01
1.170254242420196533e+02,9.999970000000000248e-01
1.180254242420196533e+02,9.999970000000000248e-01
1.190254242420196533e+02,9.999989999999999712e-01
1.200254242420196533e+02,1.000002999999999975e+00
1.210254242420196533e+02,1.000000000000000000e+00
1.220254242420196533e+02,1.000000000000000000e+00
1.230254242420196533e+02,9.999949999999999672e-01
1.240254242420196533e+02,9.999980000000000535e-01
1.250254242420196533e+02,1.000002000000000058e+00
1.260254242420196533e+02,1.000003999999999893e+00
1.270254242420196533e+02,9.999980000000000535e-01
1.280254242420196533e+02,1.000000999999999918e+00
1.290254242420196533e+02,1.000000999999999918e+00
1.300254242420196533e+02,9.999970000000000248e-01
1.310254242420196533e+02,1.000000000000000000e+00
1.320254242420196533e+02,1.000000000000000000e+00
1.330254242420196533e+02,1.000000000000000000e+00
1.340254242420196533e+02,9.999989999999999712e-01
1.350254242420196533e+02,9.999989999999999712e-01
1.360254242420196533e+02,9.999989999999999712e-01
1.370254242420196533e+02,1.000000000000000000e+00
1.380254242420196533e+02,1.000000000000000000e+00
1.390254242420196533e+02,9.999989999999999712e-01
1.400254242420196533e+02,9.999989999999999712e-01
1.410254242420196533e+02,9.999989999999999712e-01
1.420254242420196533e+02,1.000000000000000000e+00
1.430254242420196533e+02,1.000000000000000000e+00
1.440254242420196533e+02,9.999989999999999712e-01
1.450254242420196533e+02,9.999989999999999712e-01
1.460254242420196533e+02,1.000000999999999918e+00
1.470254242420196533e+02,1.000000999999999918e+00
1.480254242420196533e+02,1.000000000000000000e+00
1.490254242420196533e+02,9.999989999999999712e-01
1.500254242420196533e+02,1.000000999999999918e+00
1.510254242420196533e+02,1.000000000000000000e+00
1.520254242420196533e+02,9.999970000000000248e-01
1.530254242420196533e+02,9.999970000000000248e-01
1.540254242420196533e+02,1.000000000000000000e+00
1.550254242420196533e+02,1.000000999999999918e+00
1.560254242420196533e+02,1.000002000000000058e+00
1.570254242420196533e+02,9.999970000000000248e-01
1.580254242420196533e+02,9.999949999999999672e-01
1.590254242420196533e+02,9.999949999999999672e-01
1.600254242420196533e+02,9.999989999999999712e-01
1.610254242420196533e+02,9.999980000000000535e-01
1.620254242420196533e+02,9.999980000000000535e-01
1.630254242420196533e+02,9.999959999999999960e-01
1.640254242420196533e+02,1.000000000000000000e+00
1.650254242420196533e+02,9.999989999999999712e-01
1.660254242420196533e+02,1.000000000000000000e+00
1.670254242420196533e+02,9.999980000000000535e-01
1.680254242420196533e+02,9.999980000000000535e-01
1.690254242420196533e+02,9.999980000000000535e-01
1.700264244079589844e+02,1.000000000000000000e+00
1.710274243354797363e+02,9.999989999999999712e-01
1.720274243354797363e+02,9.999980000000000535e-01
1.730274243354797363e+02,9.999989999999999712e-01
1.740274243354797363e+02,9.999980000000000535e-01
1.750274243354797363e+02,9.999989999999999712e-01
1.760274243354797363e+02,9.999980000000000535e-01
1.770274243354797363e+02,9.999989999999999712e-01
1.780274243354797363e+02,9.999980000000000535e-01
1.790274243354797363e+02,9.999989999999999712e-01
1.800274243354797363e+02,1.000000000000000000e+00
1.810274243354797363e+02,1.000002000000000058e+00
1.820274243354797363e+02,9.999989999999999712e-01
1.830274243354797363e+02,1.000000999999999918e+00
1.840274243354797363e+02,9.999980000000000535e-01
1.850274243354797363e+02,1.000000999999999918e+00
1.860274243354797363e+02,9.999940000000000495e-01
1.870274243354797363e+02,9.999989999999999712e-01
1.880274243354797363e+02,9.999989999999999712e-01
1.890274243354797363e+02,1.000000000000000000e+00
1.900274243354797363e+02,1.000000999999999918e+00
1.910274243354797363e+02,1.000000000000000000e+00
1.920274243354797363e+02,9.999989999999999712e-01
1.930274243354797363e+02,1.000000999999999918e+00
1.940284242630004883e+02,1.000000000000000000e+00
1.950284242630004883e+02,9.999989999999999712e-01
1.960284242630004883e+02,9.999989999999999712e-01
1.970284242630004883e+02,9.999989999999999712e-01
1.980284242630004883e+02,9.999989999999999712e-01
1.990284242630004883e+02,1.000000000000000000e+00
2.000284242630004883e+02,1.000000000000000000e+00
2.010284242630004883e+02,1.000000000000000000e+00
2.020284242630004883e+02,1.000000000000000000e+00
2.030284242630004883e+02,1.000000000000000000e+00
2.040284242630004883e+02,9.999980000000000535e-01
2.050284242630004883e+02,9.999980000000000535e-01
2.060284242630004883e+02,9.999949999999999672e-01
2.070284242630004883e+02,1.000002999999999975e+00
2.080284242630004883e+02,9.999989999999999712e-01
2.090284242630004883e+02,9.999980000000000535e-01
2.100284242630004883e+02,1.000002999999999975e+00
2.110284242630004883e+02,1.000000000000000000e+00
2.120284242630004883e+02,9.999949999999999672e-01
2.130284242630004883e+02,9.999980000000000535e-01
2.140284242630004883e+02,1.000000000000000000e+00
2.150284242630004883e+02,9.999989999999999712e-01
2.160284242630004883e+02,9.999989999999999712e-01
2.170284242630004883e+02,9.999980000000000535e-01
2.180284242630004883e+02,9.999989999999999712e-01
2.190284242630004883e+02,9.999980000000000535e-01
2.200284242630004883e+02,9.999989999999999712e-01
2.210284242630004883e+02,9.999989999999999712e-01
2.220284242630004883e+02,9.999989999999999712e-01
2.230284242630004883e+02,9.999989999999999712e-01
2.240284242630004883e+02,9.999989999999999712e-01
2.250284242630004883e+02,9.999989999999999712e-01
2.260284242630004883e+02,9.999980000000000535e-01
2.270284242630004883e+02,9.999980000000000535e-01
2.280284242630004883e+02,9.999959999999999960e-01
2.290284242630004883e+02,1.000000999999999918e+00
2.300284242630004883e+02,1.000000999999999918e+00
2.310284242630004883e+02,9.999959999999999960e-01
2.320284242630004883e+02,9.999989999999999712e-01
2.330284242630004883e+02,9.999980000000000535e-01
2.340284242630004883e+02,1.000000999999999918e+00
2.350284242630004883e+02,1.000000000000000000e+00
2.360284242630004883e+02,9.999989999999999712e-01
2.370284242630004883e+02,9.999949999999999672e-01
2.380284242630004883e+02,9.999989999999999712e-01
2.390284242630004883e+02,1.000002000000000058e+00
2.400284242630004883e+02,1.000000999999999918e+00
2.410284242630004883e+02,1.000000999999999918e+00
2.420284242630004883e+02,9.999980000000000535e-01
2.430284242630004883e+02,1.000000999999999918e+00
2.440284242630004883e+02,9.999980000000000535e-01
2.450284242630004883e+02,9.999980000000000535e-01
2.460284242630004883e+02,1.000002000000000058e+00
2.470284242630004883e+02,1.000000000000000000e+00
2.480284242630004883e+02,9.999980000000000535e-01
2.490284242630004883e+02,9.999980000000000535e-01
2.500284242630004883e+02,1.000000000000000000e+00
2.510284242630004883e+02,9.999989999999999712e-01
2.520284242630004883e+02,9.999989999999999712e-01
2.530284242630004883e+02,1.000002999999999975e+00
2.540284242630004883e+02,9.999989999999999712e-01
2.550284242630004883e+02,9.999989999999999712e-01
2.560284242630004883e+02,1.000000999999999918e+00
2.570284242630004883e+02,9.999980000000000535e-01
2.580284242630004883e+02,1.000000000000000000e+00
2.590284242630004883e+02,9.999970000000000248e-01
2.600284242630004883e+02,1.000005000000000033e+00
2.610284242630004883e+02,9.999970000000000248e-01
2.620284242630004883e+02,9.999980000000000535e-01
2.630284242630004883e+02,9.999980000000000535e-01
2.640284242630004883e+02,9.999970000000000248e-01
2.650284242630004883e+02,9.999989999999999712e-01
2.660284242630004883e+02,9.999980000000000535e-01
2.670284242630004883e+02,9.999970000000000248e-01
2.680284242630004883e+02,1.000000999999999918e+00
2.690284242630004883e+02,9.999980000000000535e-01
2.700284242630004883e+02,9.999989999999999712e-01
2.710284242630004883e+02,1.000000000000000000e+00
2.720284242630004883e+02,9.999989999999999712e-01
2.730284242630004883e+02,1.000002000000000058e+00
2.740284242630004883e+02,1.000000000000000000e+00
2.750284242630004883e+02,9.999989999999999712e-01
2.760284242630004883e+02,1.000000999999999918e+00
2.770284242630004883e+02,1.000000000000000000e+00
2.780284242630004883e+02,1.000000000000000000e+00
2.790284242630004883e+02,1.000000000000000000e+00
2.800284242630004883e+02,1.000000000000000000e+00
2.810284242630004883e+02,9.999989999999999712e-01
2.820284242630004883e+02,1.000000000000000000e+00
2.830294241905212402e+02,9.999980000000000535e-01
2.840294241905212402e+02,1.000000000000000000e+00
2.850294241905212402e+02,1.000000000000000000e+00
2.860294241905212402e+02,1.000000000000000000e+00
2.870294241905212402e+02,9.999989999999999712e-01
2.880294241905212402e+02,1.000000000000000000e+00
2.890294241905212402e+02,1.000000000000000000e+00
2.900294241905212402e+02,1.000000999999999918e+00
2.910294241905212402e+02,1.000002999999999975e+00
2.920294241905212402e+02,9.999980000000000535e-01
2.930294241905212402e+02,1.000002999999999975e+00
2.940294241905212402e+02,1.000000000000000000e+00
2.950294241905212402e+02,9.999959999999999960e-01
2.960294241905212402e+02,1.000000999999999918e+00
2.970294241905212402e+02,1.000000999999999918e+00
2.980294241905212402e+02,1.000002999999999975e+00
2.990294241905212402e+02,9.999989999999999712e-01
3.000294241905212402e+02,1.000000000000000000e+00
3.010294241905212402e+02,9.999980000000000535e-01
3.020294241905212402e+02,9.999980000000000535e-01
3.030294241905212402e+02,9.999989999999999712e-01
3.040294241905212402e+02,9.999989999999999712e-01
3.050294241905212402e+02,9.999989999999999712e-01
3.060294241905212402e+02,9.999989999999999712e-01
3.070294241905212402e+02,9.999989999999999712e-01
3.080294241905212402e+02,9.999989999999999712e-01
3.090294241905212402e+02,9.999980000000000535e-01
3.100294241905212402e+02,9.999989999999999712e-01
3.110294241905212402e+02,9.999970000000000248e-01
3.120294241905212402e+02,9.999989999999999712e-01
3.130294241905212402e+02,1.000000999999999918e+00
3.140294241905212402e+02,1.000000000000000000e+00
3.150294241905212402e+02,1.000000000000000000e+00
3.160294241905212402e+02,1.000000999999999918e+00
3.170294241905212402e+02,1.000002000000000058e+00
3.180294241905212402e+02,1.000000000000000000e+00
3.190294241905212402e+02,9.999959999999999960e-01
3.200294241905212402e+02,9.999980000000000535e-01
3.210294241905212402e+02,9.999980000000000535e-01
3.220294241905212402e+02,1.000000000000000000e+00
3.230294241905212402e+02,9.999989999999999712e-01
3.240294241905212402e+02,9.999989999999999712e-01
3.250294241905212402e+02,9.999989999999999712e-01
3.260294241905212402e+02,9.999980000000000535e-01
3.270294241905212402e+02,9.999989999999999712e-01
3.280294241905212402e+02,9.999970000000000248e-01
3.290294241905212402e+02,9.999989999999999712e-01
3.300294241905212402e+02,1.000000000000000000e+00
3.310294241905212402e+02,1.000000999999999918e+00
3.320294241905212402e+02,9.999980000000000535e-01
3.330294241905212402e+02,9.999980000000000535e-01
3.340294241905212402e+02,9.999980000000000535e-01
3.350294241905212402e+02,1.000000000000000000e+00
3.360294241905212402e+02,9.999980000000000535e-01
3.370294241905212402e+02,9.999989999999999712e-01
3.380294241905212402e+02,1.000000999999999918e+00
3.390294241905212402e+02,1.000000999999999918e+00
3.400294241905212402e+02,1.000000000000000000e+00
3.410294241905212402e+02,9.999970000000000248e-01
3.420294241905212402e+02,9.999970000000000248e-01
3.430294241905212402e+02,1.000000000000000000e+00
3.440294241905212402e+02,1.000000000000000000e+00
3.450294241905212402e+02,9.999989999999999712e-01
3.460294241905212402e+02,9.999980000000000535e-01
3.470294241905212402e+02,9.999980000000000535e-01
3.480294241905212402e+02,9.999980000000000535e-01
3.490294241905212402e+02,9.999980000000000535e-01
3.500294241905212402e+02,9.999989999999999712e-01
3.510294241905212402e+02,9.999959999999999960e-01
3.520294241905212402e+02,9.999970000000000248e-01
3.530294241905212402e+02,9.999949999999999672e-01
3.540294241905212402e+02,1.000002000000000058e+00
3.550294241905212402e+02,9.999959999999999960e-01
3.560294241905212402e+02,9.999970000000000248e-01
3.570294241905212402e+02,1.000002000000000058e+00
3.580294241905212402e+02,1.000000999999999918e+00
3.590294241905212402e+02,1.000002999999999975e+00
3.600294241905212402e+02,1.000002999999999975e+00
3.610294241905212402e+02,1.000000999999999918e+00
3.620294241905212402e+02,1.000000000000000000e+00
3.630294241905212402e+02,1.000000000000000000e+00
3.640294241905212402e+02,1.000000999999999918e+00
3.650294241905212402e+02,1.000000999999999918e+00
3.660294241905212402e+02,1.000000000000000000e+00
3.670294241905212402e+02,9.999989999999999712e-01
3.680294241905212402e+02,9.999989999999999712e-01
3.690294241905212402e+02,1.000000000000000000e+00
3.700294241905212402e+02,1.000000000000000000e+00
3.710294241905212402e+02,1.000000000000000000e+00
3.720294241905212402e+02,1.000000000000000000e+00
3.730294241905212402e+02,9.999989999999999712e-01
3.740294241905212402e+02,1.000002999999999975e+00
3.750294241905212402e+02,1.000000000000000000e+00
3.760294241905212402e+02,9.999980000000000535e-01
3.770294241905212402e+02,9.999989999999999712e-01
3.780294241905212402e+02,9.999989999999999712e-01
3.790294241905212402e+02,9.999980000000000535e-01
3.800294241905212402e+02,9.999989999999999712e-01
3.810294241905212402e+02,9.999989999999999712e-01
3.820294241905212402e+02,9.999980000000000535e-01
3.830294241905212402e+02,9.999989999999999712e-01
3.840294241905212402e+02,9.999989999999999712e-01
3.850294241905212402e+02,9.999980000000000535e-01
3.860294241905212402e+02,9.999989999999999712e-01
3.870294241905212402e+02,9.999989999999999712e-01
3.880294241905212402e+02,9.999980000000000535e-01
3.890294241905212402e+02,1.000000999999999918e+00
3.900294241905212402e+02,1.000000000000000000e+00
3.910294241905212402e+02,9.999989999999999712e-01
3.920294241905212402e+02,9.999980000000000535e-01
3.930294241905212402e+02,9.999970000000000248e-01
3.940294241905212402e+02,1.000002000000000058e+00
3.950294241905212402e+02,9.999959999999999960e-01
3.960294241905212402e+02,9.999989999999999712e-01
3.970294241905212402e+02,9.999980000000000535e-01
3.980294241905212402e+02,9.999989999999999712e-01
3.990294241905212402e+02,1.000002999999999975e+00
4.000294241905212402e+02,9.999989999999999712e-01
4.010294241905212402e+02,9.999970000000000248e-01
4.020294241905212402e+02,1.000000000000000000e+00
4.030294241905212402e+02,1.000000999999999918e+00
4.040294241905212402e+02,1.000000000000000000e+00
4.050294241905212402e+02,1.000000999999999918e+00
4.060294241905212402e+02,9.999989999999999712e-01
4.070294241905212402e+02,1.000000999999999918e+00
4.080294241905212402e+02,9.999989999999999712e-01
4.090294241905212402e+02,1.000000999999999918e+00
4.100294241905212402e+02,1.000000000000000000e+00
4.110294241905212402e+02,1.000002000000000058e+00
4.120294241905212402e+02,9.999970000000000248e-01
4.130294241905212402e+02,1.000002000000000058e+00
4.140294241905212402e+02,9.999949999999999672e-01
4.150294241905212402e+02,1.000000999999999918e+00
4.160294241905212402e+02,1.000000000000000000e+00
4.170294241905212402e+02,9.999989999999999712e-01
4.180294241905212402e+02,9.999980000000000535e-01
4.190294241905212402e+02,1.000000999999999918e+00
4.200294241905212402e+02,1.000000999999999918e+00
4.210294241905212402e+02,9.999970000000000248e-01
4.220294241905212402e+02,1.000000000000000000e+00
4.230294241905212402e+02,9.999989999999999712e-01
4.240294241905212402e+02,1.000000999999999918e+00
4.250294241905212402e+02,1.000000000000000000e+00
4.260294241905212402e+02,9.999980000000000535e-01
4.270294241905212402e+02,1.000002000000000058e+00
4.280294241905212402e+02,9.999989999999999712e-01
4.290294241905212402e+02,9.999980000000000535e-01
4.300294241905212402e+02,9.999949999999999672e-01
4.310294241905212402e+02,1.000000999999999918e+00
4.320294241905212402e+02,1.000000999999999918e+00
4.330294241905212402e+02,9.999949999999999672e-01
4.340294241905212402e+02,9.999970000000000248e-01
4.350294241905212402e+02,1.000002000000000058e+00
4.360294241905212402e+02,9.999959999999999960e-01
4.370294241905212402e+02,9.999959999999999960e-01
4.380294241905212402e+02,1.000000000000000000e+00
4.390294241905212402e+02,1.000005000000000033e+00
4.400294241905212402e+02,9.999989999999999712e-01
4.410294241905212402e+02,9.999970000000000248e-01
4.420294241905212402e+02,9.999970000000000248e-01
4.430294241905212402e+02,9.999980000000000535e-01
4.440294241905212402e+02,9.999980000000000535e-01
4.450294241905212402e+02,9.999989999999999712e-01
4.460294241905212402e+02,1.000000999999999918e+00
4.470294241905212402e+02,9.999970000000000248e-01
4.480294241905212402e+02,9.999989999999999712e-01
4.490294241905212402e+02,9.999980000000000535e-01
4.500294241905212402e+02,1.000000000000000000e+00
4.510294241905212402e+02,9.999989999999999712e-01
4.520294241905212402e+02,9.999989999999999712e-01
4.530294241905212402e+02,9.999989999999999712e-01
4.540294241905212402e+02,9.999989999999999712e-01
4.550294241905212402e+02,9.999989999999999712e-01
4.560294241905212402e+02,9.999989999999999712e-01
4.570294241905212402e+02,9.999989999999999712e-01
4.580294241905212402e+02,9.999970000000000248e-01
4.590294241905212402e+02,9.999949999999999672e-01
4.600294241905212402e+02,9.999980000000000535e-01
4.610294241905212402e+02,1.000000999999999918e+00
4.620294241905212402e+02,1.000002000000000058e+00
4.630294241905212402e+02,1.000000999999999918e+00
4.640294241905212402e+02,9.999970000000000248e-01
4.650294241905212402e+02,9.999970000000000248e-01
4.660294241905212402e+02,1.000000999999999918e+00
4.670294241905212402e+02,9.999970000000000248e-01
4.680294241905212402e+02,1.000000000000000000e+00
4.690294241905212402e+02,1.000000999999999918e+00
4.700294241905212402e+02,9.999970000000000248e-01
4.710294241905212402e+02,9.999970000000000248e-01
4.720294241905212402e+02,9.999980000000000535e-01
4.730294241905212402e+02,9.999989999999999712e-01
4.740294241905212402e+02,9.999980000000000535e-01
4.750294241905212402e+02,1.000000000000000000e+00
4.760294241905212402e+02,1.000000000000000000e+00
4.770294241905212402e+02,9.999989999999999712e-01
4.780294241905212402e+02,9.999989999999999712e-01
4.790294241905212402e+02,1.000000999999999918e+00
4.800294241905212402e+02,1.000000000000000000e+00
4.810294241905212402e+02,9.999989999999999712e-01
4.820294241905212402e+02,9.999989999999999712e-01
4.830294241905212402e+02,1.000000000000000000e+00
4.840294241905212402e+02,1.000000000000000000e+00
4.850294241905212402e+02,1.000000999999999918e+00
4.860294241905212402e+02,1.000000000000000000e+00
4.870294241905212402e+02,1.000000000000000000e+00
4.880294241905212402e+02,1.000000000000000000e+00
4.890294241905212402e+02,9.999989999999999712e-01
4.900294241905212402e+02,9.999980000000000535e-01
4.910294241905212402e+02,1.000000000000000000e+00
4.920294241905212402e+02,9.999980000000000535e-01
4.930294241905212402e+02,9.999989999999999712e-01
4.940294241905212402e+02,9.999989999999999712e-01
4.950294241905212402e+02,1.000000000000000000e+00
4.960294241905212402e+02,1.000000999999999918e+00
4.970294241905212402e+02,1.000000000000000000e+00
4.980294241905212402e+02,1.000002000000000058e+00
4.990294241905212402e+02,1.000000000000000000e+00
5.000294241905212402e+02,1.000002999999999975e+00
5.010294241905212402e+02,1.000000999999999918e+00
5.020294241905212402e+02,9.999989999999999712e-01
5.030294241905212402e+02,9.999980000000000535e-01
5.040294241905212402e+02,1.000000000000000000e+00
5.050294241905212402e+02,1.000000999999999918e+00
5.060294241905212402e+02,1.000000999999999918e+00
5.070294241905212402e+02,9.999980000000000535e-01
5.080294241905212402e+02,1.000000999999999918e+00
5.090294241905212402e+02,9.999980000000000535e-01
5.100294241905212402e+02,9.999959999999999960e-01
5.110294241905212402e+02,9.999980000000000535e-01
5.120294241905212402e+02,9.999980000000000535e-01
5.130294241905212402e+02,1.000000000000000000e+00
5.140294241905212402e+02,9.999959999999999960e-01
5.150294241905212402e+02,9.999989999999999712e-01
5.160294241905212402e+02,1.000002000000000058e+00
5.170294241905212402e+02,9.999970000000000248e-01
5.180294241905212402e+02,9.999980000000000535e-01
5.190294241905212402e+02,1.000002000000000058e+00
5.200294241905212402e+02,1.000000000000000000e+00
5.210294241905212402e+02,1.000000999999999918e+00
5.220294241905212402e+02,1.000000000000000000e+00
5.230294241905212402e+02,9.999989999999999712e-01
5.240294241905212402e+02,1.000000000000000000e+00
5.250294241905212402e+02,9.999989999999999712e-01
5.260294241905212402e+02,9.999989999999999712e-01
5.270294241905212402e+02,1.000000000000000000e+00
5.280294241905212402e+02,9.999970000000000248e-01
5.290294241905212402e+02,9.999980000000000535e-01
5.300294241905212402e+02,1.000000999999999918e+00
5.310294241905212402e+02,9.999970000000000248e-01
5.320294241905212402e+02,9.999989999999999712e-01
5.330294241905212402e+02,9.999980000000000535e-01
5.340294241905212402e+02,1.000002999999999975e+00
5.350294241905212402e+02,9.999970000000000248e-01
5.360294241905212402e+02,1.000000000000000000e+00
5.370294241905212402e+02,1.000000000000000000e+00
5.380294241905212402e+02,9.999980000000000535e-01
5.390294241905212402e+02,9.999970000000000248e-01
5.400294241905212402e+02,1.000000000000000000e+00
5.410294241905212402e+02,9.999980000000000535e-01
5.420294241905212402e+02,9.999989999999999712e-01
5.430294241905212402e+02,9.999989999999999712e-01
5.440294241905212402e+02,9.999989999999999712e-01
5.450294241905212402e+02,9.999989999999999712e-01
5.460294241905212402e+02,9.999980000000000535e-01
5.470294241905212402e+02,9.999989999999999712e-01
5.480304245948791504e+02,1.000000000000000000e+00
5.490314245223999023e+02,9.999980000000000535e-01
5.500324244499206543e+02,9.999980000000000535e-01
5.510324244499206543e+02,9.999980000000000535e-01
5.520324244499206543e+02,1.000002000000000058e+00
5.530324244499206543e+02,9.999989999999999712e-01
5.540334243774414062e+02,9.999980000000000535e-01
5.550334243774414062e+02,1.000000999999999918e+00
5.560344245433807373e+02,1.000000999999999918e+00
5.570354244709014893e+02,9.999989999999999712e-01
5.580364243984222412e+02,1.000000000000000000e+00
5.590374243259429932e+02,1.000002000000000058e+00
5.600384244918823242e+02,9.999989999999999712e-01
5.610394244194030762e+02,1.000000999999999918e+00
5.620404243469238281e+02,9.999949999999999672e-01
5.630414242744445801e+02,1.000000999999999918e+00
5.640424244403839111e+02,9.999989999999999712e-01
5.650434243679046631e+02,9.999989999999999712e-01
5.660434243679046631e+02,9.999989999999999712e-01
5.670434243679046631e+02,9.999989999999999712e-01
5.680434243679046631e+02,9.999989999999999712e-01
5.690434243679046631e+02,9.999989999999999712e-01
5.700434243679046631e+02,1.000000000000000000e+00
5.710434243679046631e+02,1.000000999999999918e+00
5.720434243679046631e+02,9.999980000000000535e-01
5.730434243679046631e+02,9.999989999999999712e-01
5.740434243679046631e+02,9.999989999999999712e-01
5.750434243679046631e+02,1.000002999999999975e+00
5.760434243679046631e+02,9.999989999999999712e-01
5.770434243679046631e+02,9.999980000000000535e-01
5.780434243679046631e+02,9.999959999999999960e-01
5.790434243679046631e+02,9.999959999999999960e-01
5.800434243679046631e+02,9.999970000000000248e-01
5.810434243679046631e+02,9.999970000000000248e-01
5.820434243679046631e+02,9.999989999999999712e-01
5.830434243679046631e+02,9.999980000000000535e-01
5.840434243679046631e+02,9.999980000000000535e-01
5.850434243679046631e+02,9.999980000000000535e-01
5.860434243679046631e+02,1.000002000000000058e+00
5.870434243679046631e+02,9.999959999999999960e-01
5.880434243679046631e+02,1.000002999999999975e+00
5.890434243679046631e+02,9.999980000000000535e-01
5.900434243679046631e+02,1.000000999999999918e+00
5.910434243679046631e+02,1.000000000000000000e+00
5.920434243679046631e+02,1.000000999999999918e+00
5.930434243679046631e+02,9.999989999999999712e-01
5.940434243679046631e+02,1.000000000000000000e+00
5.950434243679046631e+02,9.999989999999999712e-01
5.960434243679046631e+02,9.999980000000000535e-01
5.970434243679046631e+02,1.000000999999999918e+00
5.980434243679046631e+02,9.999970000000000248e-01
5.990434243679046631e+02,1.000000999999999918e+00
6.000434243679046631e+02,9.999989999999999712e-01
6.010434243679046631e+02,1.000000999999999918e+00
6.020434243679046631e+02,9.999980000000000535e-01
6.030434243679046631e+02,9.999989999999999712e-01
6.040434243679046631e+02,1.000000000000000000e+00
6.050434243679046631e+02,1.000000000000000000e+00
6.060434243679046631e+02,1.000000000000000000e+00
6.070434243679046631e+02,9.999989999999999712e-01
6.080434243679046631e+02,1.000000000000000000e+00
6.090434243679046631e+02,9.999989999999999712e-01
6.100434243679046631e+02,9.999989999999999712e-01
6.110434243679046631e+02,1.000000999999999918e+00
6.120434243679046631e+02,1.000000000000000000e+00
6.130434243679046631e+02,9.999989999999999712e-01
6.140434243679046631e+02,9.999989999999999712e-01
6.150434243679046631e+02,1.000000999999999918e+00
6.160434243679046631e+02,9.999989999999999712e-01
6.170434243679046631e+02,9.999989999999999712e-01
6.180434243679046631e+02,1.000002000000000058e+00
6.190434243679046631e+02,9.999989999999999712e-01
6.200434243679046631e+02,1.000000999999999918e+00
6.210434243679046631e+02,1.000000000000000000e+00
6.220434243679046631e+02,1.000000999999999918e+00
6.230434243679046631e+02,9.999980000000000535e-01
6.240434243679046631e+02,1.000000000000000000e+00
6.250434243679046631e+02,9.999970000000000248e-01
6.260434243679046631e+02,1.000000000000000000e+00
6.270434243679046631e+02,9.999980000000000535e-01
6.280434243679046631e+02,9.999980000000000535e-01
6.290434243679046631e+02,9.999989999999999712e-01
6.300444242954254150e+02,1.000000999999999918e+00
6.310444242954254150e+02,1.000000999999999918e+00
6.320444242954254150e+02,9.999970000000000248e-01
6.330444242954254150e+02,1.000000000000000000e+00
6.340444242954254150e+02,1.000000000000000000e+00
6.350444242954254150e+02,9.999989999999999712e-01
6.360444242954254150e+02,1.000000999999999918e+00
6.370444242954254150e+02,9.999989999999999712e-01
6.380444242954254150e+02,1.000002999999999975e+00
6.390444242954254150e+02,9.999970000000000248e-01
6.400444242954254150e+02,1.000000999999999918e+00
6.410444242954254150e+02,1.000002000000000058e+00
6.420444242954254150e+02,1.000000999999999918e+00
6.430444242954254150e+02,1.000000000000000000e+00
6.440444242954254150e+02,9.999980000000000535e-01
6.450444242954254150e+02,9.999980000000000535e-01
6.460444242954254150e+02,9.999980000000000535e-01
6.470444242954254150e+02,1.000000000000000000e+00
6.480444242954254150e+02,1.000000000000000000e+00
6.490444242954254150e+02,1.000002000000000058e+00
6.500444242954254150e+02,1.000000000000000000e+00
6.510444242954254150e+02,9.999989999999999712e-01
6.520444242954254150e+02,9.999970000000000248e-01
6.530454242229461670e+02,9.999989999999999712e-01
6.540454242229461670e+02,1.000000000000000000e+00
6.550454242229461670e+02,1.000000000000000000e+00
6.560454242229461670e+02,1.000000000000000000e+00
6.570454242229461670e+02,9.999989999999999712e-01
6.580454242229461670e+02,9.999989999999999712e-01
6.590454242229461670e+02,1.000000000000000000e+00
6.600454242229461670e+02,9.999989999999999712e-01
6.610454242229461670e+02,1.000000000000000000e+00
6.620454242229461670e+02,9.999989999999999712e-01
6.630454242229461670e+02,1.000000999999999918e+00
6.640454242229461670e+02,9.999980000000000535e-01
6.650454242229461670e+02,1.000000000000000000e+00
6.660454242229461670e+02,9.999980000000000535e-01
6.670454242229461670e+02,9.999989999999999712e-01
6.680454242229461670e+02,9.999989999999999712e-01
6.690454242229461670e+02,1.000002000000000058e+00
6.700454242229461670e+02,1.000000000000000000e+00
6.710454242229461670e+02,1.000000000000000000e+00
6.720454242229461670e+02,9.999980000000000535e-01
6.730454242229461670e+02,9.999970000000000248e-01
6.740454242229461670e+02,9.999989999999999712e-01
6.750454242229461670e+02,9.999989999999999712e-01
6.760454242229461670e+02,1.000002000000000058e+00
6.770454242229461670e+02,1.000002000000000058e+00
6.780454242229461670e+02,1.000000999999999918e+00
6.790454242229461670e+02,9.999980000000000535e-01
6.800454242229461670e+02,9.999980000000000535e-01
6.810454242229461670e+02,1.000002000000000058e+00
6.820454242229461670e+02,9.999980000000000535e-01
6.830454242229461670e+02,1.000005000000000033e+00
6.840454242229461670e+02,9.999970000000000248e-01
6.850454242229461670e+02,1.000000999999999918e+00
6.860454242229461670e+02,9.999980000000000535e-01
6.870454242229461670e+02,9.999970000000000248e-01
6.880454242229461670e+02,9.999989999999999712e-01
6.890454242229461670e+02,1.000000000000000000e+00
6.900454242229461670e+02,9.999989999999999712e-01
6.910454242229461670e+02,9.999989999999999712e-01
6.920454242229461670e+02,1.000000000000000000e+00
6.930454242229461670e+02,9.999989999999999712e-01
6.940454242229461670e+02,9.999989999999999712e-01
6.950454242229461670e+02,1.000000000000000000e+00
6.960454242229461670e+02,9.999989999999999712e-01
6.970454242229461670e+02,1.000000000000000000e+00
6.980454242229461670e+02,9.999989999999999712e-01
6.990454242229461670e+02,9.999989999999999712e-01
7.000454242229461670e+02,9.999989999999999712e-01
7.010454242229461670e+02,9.999989999999999712e-01
7.020464243888854980e+02,9.999989999999999712e-01
7.030474243164062500e+02,9.999980000000000535e-01
7.040474243164062500e+02,1.000000000000000000e+00
7.050474243164062500e+02,1.000000000000000000e+00
7.060474243164062500e+02,1.000000000000000000e+00
7.070474243164062500e+02,9.999980000000000535e-01
7.080474243164062500e+02,9.999989999999999712e-01
7.090474243164062500e+02,9.999989999999999712e-01
7.100474243164062500e+02,1.000000000000000000e+00
7.110474243164062500e+02,9.999989999999999712e-01
7.120474243164062500e+02,9.999989999999999712e-01
7.130474243164062500e+02,9.999989999999999712e-01
7.140474243164062500e+02,9.999989999999999712e-01
7.150474243164062500e+02,1.000000000000000000e+00
7.160474243164062500e+02,9.999989999999999712e-01
7.170474243164062500e+02,9.999980000000000535e-01
7.180474243164062500e+02,9.999989999999999712e-01
7.190474243164062500e+02,9.999980000000000535e-01
7.200474243164062500e+02,9.999989999999999712e-01
7.210474243164062500e+02,9.999989999999999712e-01
7.220474243164062500e+02,1.000000000000000000e+00
7.230474243164062500e+02,9.999989999999999712e-01
7.240474243164062500e+02,9.999989999999999712e-01
7.250474243164062500e+02,9.999989999999999712e-01
7.260484244823455811e+02,1.000000000000000000e+00
7.270494244098663330e+02,9.999989999999999712e-01
7.280504245758056641e+02,9.999989999999999712e-01
7.290514245033264160e+02,9.999970000000000248e-01
7.300524244308471680e+02,1.000000000000000000e+00
7.310534243583679199e+02,9.999989999999999712e-01
7.320544245243072510e+02,9.999989999999999712e-01
7.330554244518280029e+02,9.999980000000000535e-01
7.340564243793487549e+02,1.000000000000000000e+00
7.350574243068695068e+02,9.999989999999999712e-01
7.360584244728088379e+02,1.000000999999999918e+00
7.370594244003295898e+02,1.000000000000000000e+00
7.380604243278503418e+02,9.999989999999999712e-01
7.390604243278503418e+02,9.999989999999999712e-01
7.400604243278503418e+02,9.999989999999999712e-01
7.410614242553710938e+02,1.000000000000000000e+00
7.420614242553710938e+02,1.000000000000000000e+00
7.430614242553710938e+02,1.000000999999999918e+00
7.440614242553710938e+02,9.999980000000000535e-01
7.450614242553710938e+02,9.999989999999999712e-01
7.460614242553710938e+02,9.999989999999999712e-01
7.470614242553710938e+02,9.999980000000000535e-01
7.480614242553710938e+02,9.999989999999999712e-01
7.490614242553710938e+02,9.999989999999999712e-01
7.500614242553710938e+02,1.000000000000000000e+00
7.510614242553710938e+02,1.000000000000000000e+00
7.520614242553710938e+02,9.999989999999999712e-01
7.530614242553710938e+02,1.000000000000000000e+00
7.540614242553710938e+02,9.999989999999999712e-01
7.550614242553710938e+02,9.999989999999999712e-01
7.560614242553710938e+02,9.999989999999999712e-01
7.570614242553710938e+02,1.000000999999999918e+00
7.580614242553710938e+02,9.999980000000000535e-01
7.590614242553710938e+02,1.000000999999999918e+00
7.600614242553710938e+02,1.000000000000000000e+00
7.610614242553710938e+02,9.999970000000000248e-01
7.620614242553710938e+02,1.000000999999999918e+00
7.630614242553710938e+02,1.000002999999999975e+00
7.640614242553710938e+02,9.999959999999999960e-01
7.650614242553710938e+02,9.999959999999999960e-01
7.660614242553710938e+02,9.999989999999999712e-01
7.670614242553710938e+02,9.999970000000000248e-01
7.680614242553710938e+02,9.999970000000000248e-01
7.690614242553710938e+02,9.999989999999999712e-01
7.700614242553710938e+02,1.000000000000000000e+00
7.710614242553710938e+02,1.000002000000000058e+00
7.720614242553710938e+02,1.000000000000000000e+00
7.730614242553710938e+02,9.999989999999999712e-01
7.740614242553710938e+02,9.999980000000000535e-01
7.750614242553710938e+02,9.999980000000000535e-01
7.760614242553710938e+02,9.999989999999999712e-01
7.770614242553710938e+02,9.999980000000000535e-01
7.780614242553710938e+02,9.999989999999999712e-01
7.790614242553710938e+02,9.999980000000000535e-01
7.800614242553710938e+02,9.999989999999999712e-01
7.810614242553710938e+02,1.000000000000000000e+00
7.820614242553710938e+02,9.999970000000000248e-01
7.830614242553710938e+02,1.000000000000000000e+00
7.840614242553710938e+02,9.999959999999999960e-01
7.850614242553710938e+02,1.000000000000000000e+00
7.860614242553710938e+02,1.000003999999999893e+00
7.870614242553710938e+02,9.999980000000000535e-01
7.880614242553710938e+02,9.999959999999999960e-01
7.890614242553710938e+02,1.000000000000000000e+00
7.900614242553710938e+02,1.000002000000000058e+00
7.910614242553710938e+02,9.999989999999999712e-01
7.920614242553710938e+02,9.999989999999999712e-01
7.930614242553710938e+02,1.000000000000000000e+00
7.940614242553710938e+02,1.000000000000000000e+00
7.950614242553710938e+02,9.999989999999999712e-01
7.960614242553710938e+02,9.999989999999999712e-01
7.970614242553710938e+02,1.000000000000000000e+00
7.980614242553710938e+02,9.999980000000000535e-01
7.990614242553710938e+02,1.000000999999999918e+00
8.000614242553710938e+02,1.000000000000000000e+00
8.010614242553710938e+02,9.999989999999999712e-01
8.020614242553710938e+02,1.000000000000000000e+00
8.030614242553710938e+02,1.000000000000000000e+00
8.040614242553710938e+02,1.000000000000000000e+00
8.050614242553710938e+02,1.000000000000000000e+00
8.060614242553710938e+02,9.999980000000000535e-01
8.070614242553710938e+02,9.999989999999999712e-01
8.080614242553710938e+02,9.999970000000000248e-01
8.090614242553710938e+02,1.000000000000000000e+00
8.100614242553710938e+02,1.000003999999999893e+00
8.110614242553710938e+02,9.999980000000000535e-01
8.120614242553710938e+02,9.999989999999999712e-01
8.130614242553710938e+02,1.000000000000000000e+00
8.140614242553710938e+02,9.999980000000000535e-01
8.150614242553710938e+02,1.000002000000000058e+00
8.160614242553710938e+02,9.999980000000000535e-01
8.170614242553710938e+02,1.000000000000000000e+00
8.180614242553710938e+02,9.999970000000000248e-01
8.190614242553710938e+02,1.000000000000000000e+00
8.200614242553710938e+02,9.999989999999999712e-01
8.210614242553710938e+02,9.999989999999999712e-01
8.220614242553710938e+02,9.999989999999999712e-01
8.230614242553710938e+02,9.999989999999999712e-01
8.240614242553710938e+02,1.000002999999999975e+00
8.250614242553710938e+02,1.000000999999999918e+00
8.260614242553710938e+02,1.000000000000000000e+00
8.270614242553710938e+02,1.000002999999999975e+00
8.280614242553710938e+02,9.999980000000000535e-01
8.290614242553710938e+02,1.000000000000000000e+00
8.300614242553710938e+02,1.000000000000000000e+00
8.310614242553710938e+02,9.999989999999999712e-01
8.320614242553710938e+02,1.000002000000000058e+00
8.330614242553710938e+02,9.999989999999999712e-01
8.340614242553710938e+02,1.000000000000000000e+00
8.350614242553710938e+02,9.999970000000000248e-01
8.360614242553710938e+02,9.999980000000000535e-01
8.370614242553710938e+02,9.999989999999999712e-01
8.380614242553710938e+02,9.999980000000000535e-01
8.390614242553710938e+02,1.000000000000000000e+00
8.400614242553710938e+02,1.000000000000000000e+00
8.410614242553710938e+02,9.999989999999999712e-01
8.420614242553710938e+02,9.999980000000000535e-01
8.430614242553710938e+02,1.000000000000000000e+00
8.440614242553710938e+02,1.000000000000000000e+00
8.450614242553710938e+02,9.999970000000000248e-01
8.460614242553710938e+02,1.000000000000000000e+00
8.470614242553710938e+02,1.000000999999999918e+00
8.480614242553710938e+02,9.999940000000000495e-01
8.490614242553710938e+02,9.999970000000000248e-01
8.500614242553710938e+02,1.000000000000000000e+00
8.510614242553710938e+02,1.000000000000000000e+00
8.520614242553710938e+02,9.999989999999999712e-01
8.530614242553710938e+02,9.999989999999999712e-01
8.540614242553710938e+02,1.000000000000000000e+00
8.550614242553710938e+02,9.999980000000000535e-01
8.560614242553710938e+02,9.999989999999999712e-01
8.570614242553710938e+02,9.999970000000000248e-01
8.580614242553710938e+02,1.000000000000000000e+00
8.590614242553710938e+02,9.999970000000000248e-01
8.600614242553710938e+02,1.000000000000000000e+00
8.610614242553710938e+02,9.999980000000000535e-01
8.620614242553710938e+02,9.999989999999999712e-01
8.630614242553710938e+02,9.999989999999999712e-01
8.640614242553710938e+02,1.000000000000000000e+00
8.650614242553710938e+02,9.999989999999999712e-01
8.660614242553710938e+02,1.000000000000000000e+00
8.670614242553710938e+02,9.999970000000000248e-01
8.680614242553710938e+02,1.000000000000000000e+00
8.690614242553710938e+02,9.999989999999999712e-01
8.700614242553710938e+02,1.000000000000000000e+00
8.710614242553710938e+02,9.999989999999999712e-01
8.720614242553710938e+02,9.999989999999999712e-01
8.730614242553710938e+02,9.999989999999999712e-01
8.740614242553710938e+02,9.999989999999999712e-01
8.750614242553710938e+02,9.999989999999999712e-01
8.760614242553710938e+02,9.999989999999999712e-01
8.770614242553710938e+02,9.999989999999999712e-01
8.780614242553710938e+02,1.000000000000000000e+00
8.790614242553710938e+02,9.999989999999999712e-01
8.800614242553710938e+02,9.999980000000000535e-01
8.810614242553710938e+02,9.999989999999999712e-01
8.820614242553710938e+02,9.999980000000000535e-01
8.830614242553710938e+02,1.000000000000000000e+00
8.840614242553710938e+02,9.999980000000000535e-01
8.850614242553710938e+02,9.999980000000000535e-01
8.860614242553710938e+02,9.999989999999999712e-01
8.870614242553710938e+02,1.000000999999999918e+00
8.880614242553710938e+02,9.999989999999999712e-01
8.890614242553710938e+02,9.999959999999999960e-01
8.900614242553710938e+02,9.999989999999999712e-01
8.910614242553710938e+02,9.999989999999999712e-01
8.920614242553710938e+02,1.000000999999999918e+00
8.930614242553710938e+02,9.999980000000000535e-01
8.940614242553710938e+02,9.999970000000000248e-01
8.950614242553710938e+02,9.999959999999999960e-01
8.960614242553710938e+02,1.000000000000000000e+00
8.970614242553710938e+02,9.999980000000000535e-01
8.980614242553710938e+02,1.000000000000000000e+00
8.990614242553710938e+02,1.000000999999999918e+00
9.000614242553710938e+02,1.000002999999999975e+00
9.010614242553710938e+02,9.999980000000000535e-01
9.020614242553710938e+02,1.000000999999999918e+00
9.030614242553710938e+02,9.999980000000000535e-01
9.040614242553710938e+02,1.000002999999999975e+00
9.050614242553710938e+02,1.000000999999999918e+00
9.060614242553710938e+02,1.000000000000000000e+00
9.070624244213104248e+02,1.000000000000000000e+00
9.080624244213104248e+02,9.999989999999999712e-01
9.090624244213104248e+02,9.999989999999999712e-01
9.100624244213104248e+02,9.999989999999999712e-01
9.110624244213104248e+02,9.999989999999999712e-01
9.120624244213104248e+02,1.000000000000000000e+00
9.130624244213104248e+02,9.999989999999999712e-01
9.140624244213104248e+02,1.000000000000000000e+00
9.150624244213104248e+02,9.999989999999999712e-01
9.160624244213104248e+02,9.999989999999999712e-01
9.170624244213104248e+02,9.999989999999999712e-01
9.180624244213104248e+02,1.000000000000000000e+00
9.190624244213104248e+02,9.999989999999999712e-01
9.200624244213104248e+02,1.000000000000000000e+00
9.210624244213104248e+02,9.999980000000000535e-01
9.220624244213104248e+02,9.999989999999999712e-01
9.230624244213104248e+02,9.999989999999999712e-01
9.240624244213104248e+02,1.000000000000000000e+00
9.250624244213104248e+02,1.000000000000000000e+00
9.260624244213104248e+02,9.999989999999999712e-01
9.270624244213104248e+02,9.999989999999999712e-01
9.280624244213104248e+02,9.999989999999999712e-01
9.290624244213104248e+02,9.999980000000000535e-01
9.300624244213104248e+02,1.000000999999999918e+00
9.310624244213104248e+02,9.999970000000000248e-01
9.320634243488311768e+02,9.999989999999999712e-01
9.330634243488311768e+02,9.999989999999999712e-01
9.340634243488311768e+02,9.999980000000000535e-01
9.350634243488311768e+02,9.999989999999999712e-01
9.360634243488311768e+02,9.999989999999999712e-01
9.370634243488311768e+02,1.000000000000000000e+00
9.380634243488311768e+02,9.999959999999999960e-01
9.390634243488311768e+02,1.000002000000000058e+00
9.400634243488311768e+02,1.000000999999999918e+00
9.410634243488311768e+02,1.000000999999999918e+00
9.420634243488311768e+02,9.999970000000000248e-01
9.430634243488311768e+02,1.000002000000000058e+00
9.440634243488311768e+02,9.999989999999999712e-01
9.450634243488311768e+02,9.999970000000000248e-01
9.460634243488311768e+02,9.999980000000000535e-01
9.470634243488311768e+02,1.000000000000000000e+00
9.480634243488311768e+02,1.000000999999999918e+00
9.490634243488311768e+02,1.000003999999999893e+00
9.500634243488311768e+02,9.999989999999999712e-01
9.510634243488311768e+02,1.000000000000000000e+00
9.520634243488311768e+02,1.000000999999999918e+00
9.530634243488311768e+02,9.999989999999999712e-01
9.540634243488311768e+02,1.000003999999999893e+00
9.550634243488311768e+02,1.000002000000000058e+00
9.560634243488311768e+02,9.999970000000000248e-01
9.570644242763519287e+02,1.000003999999999893e+00
9.580644242763519287e+02,1.000000999999999918e+00
9.590644242763519287e+02,9.999980000000000535e-01
9.600644242763519287e+02,9.999989999999999712e-01
9.610644242763519287e+02,1.000000999999999918e+00
9.620644242763519287e+02,9.999989999999999712e-01
9.630644242763519287e+02,1.000000000000000000e+00
9.640644242763519287e+02,9.999989999999999712e-01
9.650644242763519287e+02,9.999989999999999712e-01
9.660644242763519287e+02,1.000000000000000000e+00
9.670644242763519287e+02,1.000000000000000000e+00
9.680644242763519287e+02,9.999989999999999712e-01
9.690644242763519287e+02,1.000000000000000000e+00
9.700644242763519287e+02,1.000000000000000000e+00
9.710644242763519287e+02,1.000002000000000058e+00
9.720644242763519287e+02,1.000000999999999918e+00
9.730644242763519287e+02,1.000000999999999918e+00
9.740644242763519287e+02,9.999970000000000248e-01
9.750644242763519287e+02,9.999989999999999712e-01
9.760644242763519287e+02,9.999970000000000248e-01
9.770644242763519287e+02,9.999989999999999712e-01
9.780644242763519287e+02,9.999989999999999712e-01
9.790644242763519287e+02,9.999980000000000535e-01
9.800644242763519287e+02,9.999980000000000535e-01
9.810644242763519287e+02,9.999989999999999712e-01
9.820644242763519287e+02,1.000000000000000000e+00
9.830644242763519287e+02,9.999989999999999712e-01
9.840644242763519287e+02,1.000000999999999918e+00
9.850644242763519287e+02,9.999970000000000248e-01
9.860644242763519287e+02,1.000000000000000000e+00
9.870644242763519287e+02,9.999980000000000535e-01
9.880644242763519287e+02,9.999989999999999712e-01
9.890644242763519287e+02,9.999970000000000248e-01
9.900644242763519287e+02,9.999970000000000248e-01
9.910644242763519287e+02,1.000002999999999975e+00
9.920644242763519287e+02,9.999989999999999712e-01
9.930644242763519287e+02,9.999989999999999712e-01
9.940644242763519287e+02,9.999980000000000535e-01
9.950644242763519287e+02,9.999989999999999712e-01
9.960644242763519287e+02,1.000000999999999918e+00
9.970644242763519287e+02,9.999970000000000248e-01
9.980644242763519287e+02,9.999980000000000535e-01
9.990644242763519287e+02,9.999989999999999712e-01
1.000064424276351929e+03,1.000000999999999918e+00
1.001064424276351929e+03,9.999970000000000248e-01
1.002064424276351929e+03,9.999989999999999712e-01
1.003064424276351929e+03,1.000000000000000000e+00
1.004064424276351929e+03,1.000000000000000000e+00
1.005064424276351929e+03,9.999989999999999712e-01
1.006064424276351929e+03,9.999980000000000535e-01
1.007064424276351929e+03,9.999989999999999712e-01
1.008064424276351929e+03,9.999989999999999712e-01
1.009064424276351929e+03,9.999989999999999712e-01
1.010064424276351929e+03,9.999989999999999712e-01
1.011064424276351929e+03,9.999989999999999712e-01
1.012064424276351929e+03,9.999989999999999712e-01
1.013064424276351929e+03,9.999989999999999712e-01
1.014064424276351929e+03,9.999989999999999712e-01
1.015064424276351929e+03,9.999989999999999712e-01
1.016064424276351929e+03,9.999980000000000535e-01
1.017064424276351929e+03,1.000000000000000000e+00
1.018064424276351929e+03,9.999989999999999712e-01
1.019064424276351929e+03,9.999989999999999712e-01
1.020064424276351929e+03,9.999989999999999712e-01
1.021064424276351929e+03,9.999989999999999712e-01
1.022064424276351929e+03,1.000000000000000000e+00
1.023064424276351929e+03,9.999989999999999712e-01
1.024064424276351929e+03,9.999980000000000535e-01
1.025064424276351929e+03,9.999989999999999712e-01
1.026064424276351929e+03,9.999980000000000535e-01
1.027064424276351929e+03,9.999980000000000535e-01
1.028064424276351929e+03,9.999989999999999712e-01
1.029064424276351929e+03,9.999989999999999712e-01
1.030064424276351929e+03,9.999980000000000535e-01
1.031064424276351929e+03,9.999989999999999712e-01
1.032064424276351929e+03,9.999989999999999712e-01
1.033064424276351929e+03,9.999980000000000535e-01
1.034064424276351929e+03,1.000002999999999975e+00
1.035064424276351929e+03,9.999959999999999960e-01
1.036064424276351929e+03,1.000002999999999975e+00
1.037064424276351929e+03,1.000002999999999975e+00
1.038064424276351929e+03,1.000000999999999918e+00
1.039064424276351929e+03,1.000000000000000000e+00
1.040064424276351929e+03,9.999970000000000248e-01
1.041064424276351929e+03,9.999980000000000535e-01
1.042064424276351929e+03,1.000000000000000000e+00
1.043064424276351929e+03,9.999970000000000248e-01
1.044064424276351929e+03,9.999970000000000248e-01
1.045064424276351929e+03,9.999989999999999712e-01
1.046064424276351929e+03,1.000000000000000000e+00
1.047064424276351929e+03,1.000000999999999918e+00
1.048064424276351929e+03,9.999980000000000535e-01
1.049064424276351929e+03,9.999970000000000248e-01
1.050064424276351929e+03,1.000000000000000000e+00
1.051064424276351929e+03,9.999959999999999960e-01
1.052064424276351929e+03,9.999980000000000535e-01
1.053064424276351929e+03,9.999980000000000535e-01
1.054064424276351929e+03,9.999970000000000248e-01
1.055064424276351929e+03,1.000000000000000000e+00
1.056064424276351929e+03,9.999980000000000535e-01
1.057064424276351929e+03,1.000000000000000000e+00
1.058064424276351929e+03,1.000000999999999918e+00
1.059064424276351929e+03,1.000000000000000000e+00
1.060064424276351929e+03,1.000000000000000000e+00
1.061064424276351929e+03,1.000000999999999918e+00
1.062064424276351929e+03,1.000000999999999918e+00
1.063064424276351929e+03,1.000000000000000000e+00
1.064064424276351929e+03,9.999970000000000248e-01
1.065064424276351929e+03,9.999980000000000535e-01
1.066064424276351929e+03,9.999989999999999712e-01
1.067064424276351929e+03,9.999989999999999712e-01
1.068064424276351929e+03,1.000002999999999975e+00
1.069064424276351929e+03,9.999980000000000535e-01
1.070064424276351929e+03,1.000000000000000000e+00
1.071064424276351929e+03,9.999989999999999712e-01
1.072064424276351929e+03,9.999989999999999712e-01
1.073064424276351929e+03,1.000000999999999918e+00
1.074064424276351929e+03,1.000000000000000000e+00
1.075064424276351929e+03,9.999989999999999712e-01
1.076064424276351929e+03,1.000000999999999918e+00
1.077064424276351929e+03,1.000000999999999918e+00
1.078064424276351929e+03,9.999980000000000535e-01
1.079064424276351929e+03,9.999989999999999712e-01
1.080064424276351929e+03,9.999989999999999712e-01
1.081064424276351929e+03,1.000000000000000000e+00
1.082064424276351929e+03,1.000000999999999918e+00
1.083064424276351929e+03,1.000000000000000000e+00
1.084064424276351929e+03,1.000000000000000000e+00
1.085064424276351929e+03,9.999989999999999712e-01
1.086064424276351929e+03,9.999989999999999712e-01
1.087064424276351929e+03,1.000000000000000000e+00
1.088064424276351929e+03,9.999989999999999712e-01
1.089064424276351929e+03,9.999980000000000535e-01
1.090064424276351929e+03,9.999980000000000535e-01
1.091064424276351929e+03,9.999980000000000535e-01
1.092064424276351929e+03,9.999989999999999712e-01
1.093064424276351929e+03,9.999989999999999712e-01
1.094064424276351929e+03,9.999989999999999712e-01
1.095064424276351929e+03,9.999989999999999712e-01
1.096064424276351929e+03,9.999989999999999712e-01
1.097064424276351929e+03,9.999989999999999712e-01
1.098064424276351929e+03,9.999989999999999712e-01
1.099064424276351929e+03,9.999989999999999712e-01
1.100064424276351929e+03,9.999989999999999712e-01
1.101064424276351929e+03,9.999989999999999712e-01
1.102064424276351929e+03,1.000000000000000000e+00
1.103064424276351929e+03,1.000000000000000000e+00
1.104064424276351929e+03,9.999980000000000535e-01
1.105064424276351929e+03,1.000000999999999918e+00
1.106064424276351929e+03,9.999989999999999712e-01
1.107064424276351929e+03,9.999980000000000535e-01
1.108064424276351929e+03,9.999989999999999712e-01
1.109064424276351929e+03,9.999989999999999712e-01
1.110064424276351929e+03,1.000000000000000000e+00
1.111064424276351929e+03,1.000000999999999918e+00
1.112064424276351929e+03,1.000000000000000000e+00
1.113064424276351929e+03,1.000000999999999918e+00
1.114064424276351929e+03,1.000000000000000000e+00
1.115064424276351929e+03,1.000000999999999918e+00
1.116064424276351929e+03,9.999980000000000535e-01
1.117064424276351929e+03,9.999989999999999712e-01
1.118064424276351929e+03,9.999970000000000248e-01
1.119064424276351929e+03,9.999989999999999712e-01
1.120064424276351929e+03,1.000000999999999918e+00
1.121064424276351929e+03,9.999959999999999960e-01
1.122064424276351929e+03,9.999959999999999960e-01
1.123064424276351929e+03,9.999989999999999712e-01
1.124064424276351929e+03,9.999989999999999712e-01
1.125064424276351929e+03,9.999980000000000535e-01
1.126064424276351929e+03,9.999970000000000248e-01
1.127064424276351929e+03,1.000000000000000000e+00
1.128064424276351929e+03,9.999989999999999712e-01
1.129064424276351929e+03,9.999989999999999712e-01
1.130064424276351929e+03,9.999989999999999712e-01
1.131064424276351929e+03,9.999980000000000535e-01
1.132064424276351929e+03,9.999989999999999712e-01
1.133064424276351929e+03,9.999989999999999712e-01
1.134064424276351929e+03,9.999989999999999712e-01
1.135064424276351929e+03,9.999989999999999712e-01
1.136064424276351929e+03,9.999970000000000248e-01
1.137064424276351929e+03,9.999959999999999960e-01
1.138064424276351929e+03,9.999989999999999712e-01
1.139064424276351929e+03,1.000000000000000000e+00
1.140064424276351929e+03,9.999989999999999712e-01
1.141064424276351929e+03,1.000000999999999918e+00
1.142064424276351929e+03,9.999980000000000535e-01
1.143064424276351929e+03,9.999970000000000248e-01
1.144064424276351929e+03,1.000002000000000058e+00
1.145064424276351929e+03,9.999980000000000535e-01
1.146064424276351929e+03,1.000000999999999918e+00
1.147064424276351929e+03,1.000000999999999918e+00
1.148064424276351929e+03,1.000000999999999918e+00
1.149064424276351929e+03,1.000000999999999918e+00
1.150064424276351929e+03,9.999989999999999712e-01
1.151064424276351929e+03,1.000000999999999918e+00
1.152064424276351929e+03,1.000002999999999975e+00
1.153064424276351929e+03,1.000000000000000000e+00
1.154064424276351929e+03,1.000000999999999918e+00
1.155064424276351929e+03,1.000000000000000000e+00
1.156064424276351929e+03,1.000002999999999975e+00
1.157064424276351929e+03,9.999989999999999712e-01
1.158064424276351929e+03,1.000000000000000000e+00
1.159064424276351929e+03,1.000000000000000000e+00
1.160064424276351929e+03,9.999989999999999712e-01
1.161064424276351929e+03,1.000000000000000000e+00
1.162064424276351929e+03,9.999989999999999712e-01
1.163064424276351929e+03,1.000000000000000000e+00
1.164064424276351929e+03,1.000000000000000000e+00
1.165064424276351929e+03,1.000000000000000000e+00
1.166064424276351929e+03,1.000000000000000000e+00
1.167064424276351929e+03,1.000000999999999918e+00
1.168064424276351929e+03,1.000000000000000000e+00
1.169064424276351929e+03,1.000000999999999918e+00
1.170064424276351929e+03,9.999980000000000535e-01
1.171064424276351929e+03,9.999980000000000535e-01
1.172064424276351929e+03,9.999989999999999712e-01
1.173064424276351929e+03,1.000000999999999918e+00
1.174064424276351929e+03,1.000002000000000058e+00
1.175064424276351929e+03,9.999989999999999712e-01
1.176064424276351929e+03,1.000000000000000000e+00
1.177064424276351929e+03,9.999989999999999712e-01
1.178064424276351929e+03,9.999989999999999712e-01
1.179064424276351929e+03,1.000000999999999918e+00
1.180064424276351929e+03,1.000000999999999918e+00
1.181064424276351929e+03,9.999970000000000248e-01
1.182064424276351929e+03,9.999980000000000535e-01
1.183064424276351929e+03,9.999989999999999712e-01
1.184064424276351929e+03,9.999970000000000248e-01
1.185064424276351929e+03,9.999989999999999712e-01
1.186064424276351929e+03,1.000000000000000000e+00
1.187064424276351929e+03,1.000000999999999918e+00
1.188064424276351929e+03,9.999970000000000248e-01
1.189064424276351929e+03,1.000000000000000000e+00
1.190064424276351929e+03,1.000000999999999918e+00
1.191064424276351929e+03,1.000000999999999918e+00
1.192064424276351929e+03,1.000000999999999918e+00
1.193064424276351929e+03,9.999989999999999712e-01
1.194064424276351929e+03,1.000000000000000000e+00
1.195064424276351929e+03,9.999989999999999712e-01
1.196064424276351929e+03,9.999989999999999712e-01
1.197064424276351929e+03,1.000000999999999918e+00
1.198064424276351929e+03,9.999989999999999712e-01
1.199064424276351929e+03,1.000000999999999918e+00
1.200064424276351929e+03,1.000000000000000000e+00
1.201064424276351929e+03,9.999989999999999712e-01
1.202064424276351929e+03,9.999959999999999960e-01
1.203064424276351929e+03,9.999989999999999712e-01
1.204064424276351929e+03,9.999989999999999712e-01
1.205064424276351929e+03,1.000000000000000000e+00
1.206064424276351929e+03,1.000002000000000058e+00
1.207064424276351929e+03,9.999980000000000535e-01
1.208064424276351929e+03,9.999949999999999672e-01
1.209064424276351929e+03,1.000003999999999893e+00
1.210064424276351929e+03,9.999970000000000248e-01
1.211064424276351929e+03,9.999980000000000535e-01
1.212064424276351929e+03,9.999980000000000535e-01
1.213064424276351929e+03,9.999989999999999712e-01
1.214064424276351929e+03,9.999980000000000535e-01
1.215064424276351929e+03,9.999989999999999712e-01
1.216064424276351929e+03,9.999989999999999712e-01
1.217064424276351929e+03,9.999970000000000248e-01
1.218064424276351929e+03,9.999970000000000248e-01
1.219064424276351929e+03,9.999980000000000535e-01
1.220064424276351929e+03,9.999980000000000535e-01
1.221064424276351929e+03,9.999980000000000535e-01
1.222064424276351929e+03,9.999989999999999712e-01
1.223064424276351929e+03,9.999980000000000535e-01
1.224064424276351929e+03,9.999980000000000535e-01
1.225064424276351929e+03,9.999989999999999712e-01
1.226064424276351929e+03,9.999989999999999712e-01
1.227064424276351929e+03,1.000000000000000000e+00
1.228064424276351929e+03,9.999989999999999712e-01
1.229064424276351929e+03,9.999989999999999712e-01
1.230064424276351929e+03,9.999980000000000535e-01
1.231064424276351929e+03,9.999989999999999712e-01
1.232064424276351929e+03,1.000000000000000000e+00
1.233064424276351929e+03,9.999989999999999712e-01
1.234064424276351929e+03,1.000000000000000000e+00
1.235064424276351929e+03,1.000000999999999918e+00
1.236064424276351929e+03,9.999980000000000535e-01
1.237064424276351929e+03,9.999989999999999712e-01
1.238064424276351929e+03,1.000000000000000000e+00
1.239064424276351929e+03,1.000003999999999893e+00
1.240064424276351929e+03,9.999970000000000248e-01
1.241064424276351929e+03,1.000000000000000000e+00
1.242064424276351929e+03,9.999940000000000495e-01
1.243064424276351929e+03,9.999970000000000248e-01
1.244064424276351929e+03,9.999970000000000248e-01
1.245064424276351929e+03,9.999989999999999712e-01
1.246064424276351929e+03,9.999989999999999712e-01
1.247064424276351929e+03,9.999989999999999712e-01
1.248064424276351929e+03,9.999980000000000535e-01
1.249064424276351929e+03,9.999980000000000535e-01
1.250064424276351929e+03,9.999989999999999712e-01
1.251064424276351929e+03,9.999980000000000535e-01
1.252064424276351929e+03,9.999980000000000535e-01
1.253064424276351929e+03,1.000000999999999918e+00
1.254064424276351929e+03,1.000000999999999918e+00
1.255064424276351929e+03,9.999980000000000535e-01
1.256064424276351929e+03,1.000000000000000000e+00
1.257064424276351929e+03,9.999980000000000535e-01
1.258064424276351929e+03,1.000000000000000000e+00
1.259064424276351929e+03,1.000000999999999918e+00
1.260064424276351929e+03,1.000000999999999918e+00
1.261064424276351929e+03,1.000000000000000000e+00
1.262064424276351929e+03,9.999989999999999712e-01
1.263064424276351929e+03,1.000000000000000000e+00
1.264064424276351929e+03,1.000000000000000000e+00
1.265064424276351929e+03,9.999989999999999712e-01
1.266064424276351929e+03,9.999989999999999712e-01
1.267064424276351929e+03,1.000002999999999975e+00
1.268064424276351929e+03,1.000003999999999893e+00
1.269064424276351929e+03,1.000002000000000058e+00
1.270064424276351929e+03,9.999980000000000535e-01
1.271064424276351929e+03,9.999989999999999712e-01
1.272064424276351929e+03,9.999980000000000535e-01
1.273064424276351929e+03,9.999980000000000535e-01
1.274064424276351929e+03,9.999989999999999712e-01
1.275064424276351929e+03,9.999970000000000248e-01
1.276064424276351929e+03,9.999980000000000535e-01
1.277064424276351929e+03,1.000000000000000000e+00
1.278064424276351929e+03,9.999989999999999712e-01
1.279064424276351929e+03,9.999970000000000248e-01
1.280064424276351929e+03,9.999940000000000495e-01
1.281064424276351929e+03,1.000000999999999918e+00
1.282064424276351929e+03,1.000000000000000000e+00
1.283064424276351929e+03,1.000000999999999918e+00
1.284064424276351929e+03,1.000000000000000000e+00
1.285064424276351929e+03,9.999989999999999712e-01
1.286064424276351929e+03,1.000000999999999918e+00
1.287064424276351929e+03,1.000000999999999918e+00
1.288064424276351929e+03,1.000000000000000000e+00
1.289064424276351929e+03,1.000000000000000000e+00
1.290064424276351929e+03,9.999949999999999672e-01
1.291064424276351929e+03,1.000000000000000000e+00
1.292064424276351929e+03,9.999980000000000535e-01
1.293064424276351929e+03,9.999989999999999712e-01
1.294064424276351929e+03,9.999980000000000535e-01
1.295064424276351929e+03,9.999989999999999712e-01
1.296064424276351929e+03,9.999989999999999712e-01
1.297064424276351929e+03,9.999980000000000535e-01
1.298064424276351929e+03,9.999970000000000248e-01
1.299064424276351929e+03,9.999970000000000248e-01
1.300064424276351929e+03,9.999980000000000535e-01
1.301064424276351929e+03,9.999970000000000248e-01
1.302064424276351929e+03,1.000000000000000000e+00
1.303064424276351929e+03,9.999989999999999712e-01
1.304064424276351929e+03,1.000000000000000000e+00
1.305064424276351929e+03,1.000000000000000000e+00
1.306064424276351929e+03,1.000000000000000000e+00
1.307064424276351929e+03,9.999989999999999712e-01
1.308064424276351929e+03,1.000000000000000000e+00
1.309064424276351929e+03,1.000002000000000058e+00
1.310064424276351929e+03,9.999980000000000535e-01
1.311064424276351929e+03,9.999989999999999712e-01
1.312064424276351929e+03,9.999980000000000535e-01
1.313064424276351929e+03,1.000000999999999918e+00
1.314064424276351929e+03,9.999980000000000535e-01
1.315064424276351929e+03,9.999989999999999712e-01
1.316064424276351929e+03,9.999989999999999712e-01
1.317064424276351929e+03,9.999980000000000535e-01
1.318064424276351929e+03,9.999980000000000535e-01
1.319064424276351929e+03,9.999989999999999712e-01
1.320064424276351929e+03,1.000000999999999918e+00
1.321064424276351929e+03,9.999980000000000535e-01
1.322064424276351929e+03,1.000000999999999918e+00
1.323064424276351929e+03,1.000000999999999918e+00
1.324064424276351929e+03,1.000000000000000000e+00
1.325064424276351929e+03,1.000000999999999918e+00
1.326064424276351929e+03,1.000000000000000000e+00
1.327064424276351929e+03,1.000000999999999918e+00
1.328064424276351929e+03,9.999989999999999712e-01
1.329064424276351929e+03,1.000003999999999893e+00
1.330064424276351929e+03,9.999980000000000535e-01
1.331064424276351929e+03,1.000000999999999918e+00
1.332064424276351929e+03,9.999989999999999712e-01
1.333064424276351929e+03,9.999970000000000248e-01
1.334064424276351929e+03,9.999989999999999712e-01
1.335064424276351929e+03,9.999959999999999960e-01
1.336064424276351929e+03,1.000000000000000000e+00
1.337064424276351929e+03,1.000002000000000058e+00
1.338064424276351929e+03,9.999980000000000535e-01
1.339064424276351929e+03,1.000000000000000000e+00
1.340064424276351929e+03,1.000000999999999918e+00
1.341064424276351929e+03,1.000000999999999918e+00
1.342064424276351929e+03,1.000000999999999918e+00
1.343064424276351929e+03,1.000000999999999918e+00
1.344064424276351929e+03,1.000000999999999918e+00
1.345064424276351929e+03,9.999980000000000535e-01
1.346064424276351929e+03,9.999989999999999712e-01
1.347064424276351929e+03,9.999989999999999712e-01
1.348064424276351929e+03,9.999980000000000535e-01
1.349064424276351929e+03,9.999970000000000248e-01
1.350064424276351929e+03,9.999970000000000248e-01
1.351064424276351929e+03,9.999970000000000248e-01
1.352064424276351929e+03,1.000002000000000058e+00
1.353064424276351929e+03,1.000000000000000000e+00
1.354064424276351929e+03,1.000000000000000000e+00
1.355064424276351929e+03,1.000000000000000000e+00
1.356064424276351929e+03,1.000000999999999918e+00
1.357064424276351929e+03,1.000000999999999918e+00
1.358064424276351929e+03,1.000000000000000000e+00
1.359064424276351929e+03,1.000000000000000000e+00
1.360064424276351929e+03,1.000000999999999918e+00
1.361064424276351929e+03,1.000000999999999918e+00
1.362064424276351929e+03,9.999989999999999712e-01
1.363064424276351929e+03,9.999959999999999960e-01
1.364064424276351929e+03,9.999959999999999960e-01
1.365064424276351929e+03,9.999980000000000535e-01
1.366064424276351929e+03,9.999980000000000535e-01
1.367064424276351929e+03,1.000000000000000000e+00
1.368064424276351929e+03,9.999980000000000535e-01
1.369064424276351929e+03,9.999970000000000248e-01
1.370064424276351929e+03,9.999989999999999712e-01
1.371064424276351929e+03,9.999970000000000248e-01
1.372064424276351929e+03,1.000000000000000000e+00
1.373064424276351929e+03,1.000000999999999918e+00
1.374064424276351929e+03,1.000002000000000058e+00
1.375064424276351929e+03,9.999980000000000535e-01
1.376064424276351929e+03,9.999959999999999960e-01
1.377064424276351929e+03,1.000000000000000000e+00
1.378064424276351929e+03,9.999989999999999712e-01
1.379064424276351929e+03,1.000000000000000000e+00
1.380064424276351929e+03,1.000000000000000000e+00
1.381064424276351929e+03,9.999989999999999712e-01
1.382064424276351929e+03,1.000000999999999918e+00
1.383064424276351929e+03,9.999989999999999712e-01
1.384064424276351929e+03,9.999970000000000248e-01
1.385064424276351929e+03,1.000000000000000000e+00
1.386064424276351929e+03,1.000000000000000000e+00
1.387064424276351929e+03,9.999980000000000535e-01
1.388064424276351929e+03,9.999980000000000535e-01
1.389064424276351929e+03,9.999980000000000535e-01
1.390064424276351929e+03,9.999989999999999712e-01
1.391064424276351929e+03,9.999989999999999712e-01
1.392064424276351929e+03,9.999970000000000248e-01
1.393064424276351929e+03,9.999989999999999712e-01
1.394064424276351929e+03,9.999970000000000248e-01
1.395064424276351929e+03,9.999970000000000248e-01
1.396064424276351929e+03,9.999989999999999712e-01
1.397064424276351929e+03,1.000000000000000000e+00
1.398064424276351929e+03,1.000000000000000000e+00
1.399064424276351929e+03,1.000000999999999918e+00
1.400064424276351929e+03,9.999989999999999712e-01
1.401064424276351929e+03,1.000000000000000000e+00
1.402064424276351929e+03,9.999989999999999712e-01
1.403064424276351929e+03,9.999989999999999712e-01
1.404064424276351929e+03,1.000000999999999918e+00
1.405064424276351929e+03,1.000000000000000000e+00
1.406064424276351929e+03,1.000000999999999918e+00
1.407064424276351929e+03,1.000000999999999918e+00
1.408064424276351929e+03,9.999980000000000535e-01
1.409064424276351929e+03,9.999989999999999712e-01
1.410064424276351929e+03,9.999980000000000535e-01
1.411064424276351929e+03,1.000000999999999918e+00
1.412064424276351929e+03,9.999970000000000248e-01
1.413064424276351929e+03,9.999980000000000535e-01
1.414064424276351929e+03,9.999980000000000535e-01
1.415064424276351929e+03,9.999989999999999712e-01
1.416064424276351929e+03,9.999989999999999712e-01
1.417064424276351929e+03,9.999980000000000535e-01
1.418064424276351929e+03,9.999980000000000535e-01
1.419064424276351929e+03,9.999989999999999712e-01
1.420064424276351929e+03,9.999980000000000535e-01
1.421064424276351929e+03,1.000000000000000000e+00
1.422064424276351929e+03,9.999980000000000535e-01
1.423064424276351929e+03,1.000002000000000058e+00
1.424064424276351929e+03,1.000000999999999918e+00
1.425064424276351929e+03,1.000000000000000000e+00
1.426064424276351929e+03,1.000002000000000058e+00
1.427064424276351929e+03,9.999970000000000248e-01
1.428064424276351929e+03,1.000000999999999918e+00
1.429064424276351929e+03,1.000000000000000000e+00
1.430064424276351929e+03,1.000000000000000000e+00
1.431064424276351929e+03,1.000000999999999918e+00
1.432064424276351929e+03,9.999980000000000535e-01
1.433064424276351929e+03,1.000000999999999918e+00
1.434064424276351929e+03,9.999989999999999712e-01
1.435064424276351929e+03,1.000000000000000000e+00
1.436064424276351929e+03,1.000000999999999918e+00
1.437064424276351929e+03,9.999989999999999712e-01
1.438064424276351929e+03,1.000000000000000000e+00
1.439064424276351929e+03,9.999970000000000248e-01
1.440064424276351929e+03,1.000003999999999893e+00
1.441064424276351929e+03,9.999949999999999672e-01
1.442064424276351929e+03,1.000000999999999918e+00
1.443064424276351929e+03,1.000000000000000000e+00
1.444064424276351929e+03,9.999959999999999960e-01
1.445064424276351929e+03,1.000000000000000000e+00
1.446064424276351929e+03,9.999970000000000248e-01
1.447064424276351929e+03,1.000000999999999918e+00
1.448064424276351929e+03,9.999989999999999712e-01
1.449064424276351929e+03,1.000000999999999918e+00
1.450064424276351929e+03,9.999989999999999712e-01
1.451064424276351929e+03,9.999980000000000535e-01
1.452064424276351929e+03,9.999989999999999712e-01
1.453064424276351929e+03,9.999989999999999712e-01
1.454064424276351929e+03,9.999989999999999712e-01
1.455064424276351929e+03,9.999989999999999712e-01
1.456064424276351929e+03,9.999989999999999712e-01
1.457064424276351929e+03,9.999980000000000535e-01
1.458064424276351929e+03,1.000000000000000000e+00
1.459064424276351929e+03,9.999980000000000535e-01
1.460064424276351929e+03,9.999980000000000535e-01
1.461064424276351929e+03,9.999980000000000535e-01
1.462064424276351929e+03,9.999989999999999712e-01
1.463064424276351929e+03,9.999970000000000248e-01
1.464064424276351929e+03,9.999989999999999712e-01
1.465064424276351929e+03,1.000000999999999918e+00
1.466064424276351929e+03,1.000000999999999918e+00
1.467064424276351929e+03,9.999959999999999960e-01
1.468064424276351929e+03,1.000000000000000000e+00
1.469064424276351929e+03,9.999989999999999712e-01
1.470064424276351929e+03,1.000000000000000000e+00
1.471064424276351929e+03,9.999980000000000535e-01
1.472064424276351929e+03,1.000002000000000058e+00
1.473064424276351929e+03,1.000000000000000000e+00
1.474064424276351929e+03,1.000000000000000000e+00
1.475064424276351929e+03,1.000000000000000000e+00
1.476064424276351929e+03,1.000000000000000000e+00
1.477064424276351929e+03,1.000002999999999975e+00
1.478064424276351929e+03,9.999989999999999712e-01
1.479064424276351929e+03,1.000000999999999918e+00
1.480064424276351929e+03,1.000002000000000058e+00
1.481064424276351929e+03,9.999980000000000535e-01
1.482064424276351929e+03,1.000000000000000000e+00
1.483064424276351929e+03,9.999980000000000535e-01
1.484064424276351929e+03,9.999959999999999960e-01
1.485064424276351929e+03,1.000000000000000000e+00
1.486064424276351929e+03,1.000000999999999918e+00
1.487064424276351929e+03,9.999989999999999712e-01
1.488064424276351929e+03,9.999989999999999712e-01
1.489064424276351929e+03,9.999989999999999712e-01
1.490064424276351929e+03,9.999980000000000535e-01
1.491064424276351929e+03,9.999989999999999712e-01
1.492064424276351929e+03,9.999989999999999712e-01
1.493064424276351929e+03,9.999980000000000535e-01
1.494064424276351929e+03,1.000000000000000000e+00
1.495064424276351929e+03,9.999989999999999712e-01
1.496064424276351929e+03,1.000000000000000000e+00
1.497064424276351929e+03,9.999970000000000248e-01
1.498064424276351929e+03,9.999980000000000535e-01
1.499064424276351929e+03,1.000002999999999975e+00
1.500064424276351929e+03,9.999959999999999960e-01
1.501064424276351929e+03,9.999989999999999712e-01
1.502064424276351929e+03,1.000002999999999975e+00
1.503064424276351929e+03,1.000000000000000000e+00
1.504064424276351929e+03,1.000000000000000000e+00
1.505064424276351929e+03,9.999989999999999712e-01
1.506064424276351929e+03,1.000000999999999918e+00
1.507064424276351929e+03,1.000000000000000000e+00
1.508064424276351929e+03,1.000000000000000000e+00
1.509064424276351929e+03,1.000000000000000000e+00
1.510064424276351929e+03,1.000000000000000000e+00
1.511064424276351929e+03,1.000000999999999918e+00
1.512064424276351929e+03,1.000000999999999918e+00
1.513064424276351929e+03,9.999989999999999712e-01
1.514064424276351929e+03,1.000002999999999975e+00
1.515064424276351929e+03,1.000000000000000000e+00
1.516064424276351929e+03,9.999989999999999712e-01
1.517064424276351929e+03,1.000002999999999975e+00
1.518064424276351929e+03,9.999989999999999712e-01
1.519064424276351929e+03,1.000000999999999918e+00
1.520064424276351929e+03,9.999989999999999712e-01
1.521064424276351929e+03,9.999989999999999712e-01
1.522064424276351929e+03,9.999989999999999712e-01
1.523064424276351929e+03,1.000000000000000000e+00
1.524064424276351929e+03,9.999989999999999712e-01
1.525064424276351929e+03,9.999989999999999712e-01
1.526064424276351929e+03,9.999989999999999712e-01
1.527064424276351929e+03,9.999980000000000535e-01
1.528064424276351929e+03,9.999980000000000535e-01
1.529064424276351929e+03,9.999989999999999712e-01
1.530064424276351929e+03,9.999980000000000535e-01
1.531064424276351929e+03,9.999980000000000535e-01
1.532064424276351929e+03,1.000000000000000000e+00
1.533064424276351929e+03,9.999970000000000248e-01
1.534064424276351929e+03,1.000002000000000058e+00
1.535064424276351929e+03,1.000005000000000033e+00
1.536064424276351929e+03,9.999989999999999712e-01
1.537064424276351929e+03,1.000000999999999918e+00
1.538064424276351929e+03,1.000000999999999918e+00
1.539064424276351929e+03,9.999989999999999712e-01
1.540064424276351929e+03,9.999989999999999712e-01
1.541064424276351929e+03,9.999980000000000535e-01
1.542064424276351929e+03,1.000000999999999918e+00
1.543064424276351929e+03,1.000000999999999918e+00
1.544064424276351929e+03,1.000000000000000000e+00
1.545064424276351929e+03,1.000000999999999918e+00
1.546064424276351929e+03,1.000002000000000058e+00
1.547064424276351929e+03,9.999989999999999712e-01
1.548064424276351929e+03,9.999970000000000248e-01
1.549064424276351929e+03,9.999940000000000495e-01
1.550064424276351929e+03,9.999970000000000248e-01
1.551064424276351929e+03,1.000002999999999975e+00
1.552064424276351929e+03,1.000000999999999918e+00
1.553064424276351929e+03,1.000002000000000058e+00
1.554064424276351929e+03,9.999980000000000535e-01
1.555064424276351929e+03,9.999980000000000535e-01
1.556064424276351929e+03,1.000000999999999918e+00
1.557064424276351929e+03,9.999989999999999712e-01
1.558064424276351929e+03,9.999970000000000248e-01
1.559064424276351929e+03,9.999980000000000535e-01
1.560064424276351929e+03,9.999980000000000535e-01
1.561064424276351929e+03,9.999989999999999712e-01
1.562064424276351929e+03,9.999980000000000535e-01
1.563064424276351929e+03,9.999980000000000535e-01
1.564064424276351929e+03,9.999980000000000535e-01
1.565064424276351929e+03,1.000000000000000000e+00
1.566064424276351929e+03,9.999989999999999712e-01
1.567064424276351929e+03,9.999989999999999712e-01
1.568064424276351929e+03,9.999989999999999712e-01
1.569064424276351929e+03,9.999989999999999712e-01
1.570064424276351929e+03,9.999980000000000535e-01
1.571064424276351929e+03,9.999980000000000535e-01
1.572064424276351929e+03,9.999959999999999960e-01
1.573064424276351929e+03,1.000000000000000000e+00
1.574064424276351929e+03,9.999980000000000535e-01
1.575064424276351929e+03,1.000000000000000000e+00
1.576064424276351929e+03,1.000000000000000000e+00
1.577064424276351929e+03,9.999989999999999712e-01
1.578064424276351929e+03,1.000000999999999918e+00
1.579064424276351929e+03,9.999989999999999712e-01
1.580064424276351929e+03,1.000000000000000000e+00
1.581064424276351929e+03,1.000000000000000000e+00
1.582064424276351929e+03,1.000000999999999918e+00
1.583064424276351929e+03,1.000002999999999975e+00
1.584064424276351929e+03,1.000002999999999975e+00
1.585064424276351929e+03,9.999989999999999712e-01
1.586064424276351929e+03,9.999930000000000208e-01
1.587064424276351929e+03,1.000000999999999918e+00
1.588064424276351929e+03,9.999980000000000535e-01
1.589064424276351929e+03,1.000002000000000058e+00
1.590064424276351929e+03,9.999989999999999712e-01
1.591064424276351929e+03,9.999989999999999712e-01
1.592064424276351929e+03,9.999980000000000535e-01
1.593064424276351929e+03,1.000000000000000000e+00
1.594064424276351929e+03,9.999980000000000535e-01
1.595064424276351929e+03,9.999989999999999712e-01
1.596064424276351929e+03,9.999989999999999712e-01
1.597064424276351929e+03,9.999980000000000535e-01
1.598064424276351929e+03,9.999989999999999712e-01
1.599064424276351929e+03,9.999989999999999712e-01
1.600064424276351929e+03,9.999989999999999712e-01
1.601064424276351929e+03,9.999989999999999712e-01
1.602064424276351929e+03,9.999980000000000535e-01
1.603064424276351929e+03,9.999970000000000248e-01
1.604064424276351929e+03,1.000000999999999918e+00
1.605064424276351929e+03,9.999989999999999712e-01
1.606064424276351929e+03,9.999980000000000535e-01
1.607064424276351929e+03,1.000000999999999918e+00
1.608064424276351929e+03,9.999970000000000248e-01
1.609064424276351929e+03,1.000000000000000000e+00
1.610064424276351929e+03,1.000000000000000000e+00
1.611064424276351929e+03,1.000000000000000000e+00
1.612064424276351929e+03,9.999980000000000535e-01
1.613064424276351929e+03,9.999989999999999712e-01
1.614064424276351929e+03,1.000000999999999918e+00
1.615064424276351929e+03,1.000000999999999918e+00
1.616064424276351929e+03,9.999989999999999712e-01
1.617064424276351929e+03,1.000000000000000000e+00
1.618064424276351929e+03,1.000000999999999918e+00
1.619064424276351929e+03,1.000000999999999918e+00
1.620064424276351929e+03,1.000000999999999918e+00
1.621064424276351929e+03,1.000000000000000000e+00
1.622064424276351929e+03,9.999989999999999712e-01
1.623064424276351929e+03,1.000000999999999918e+00
1.624064424276351929e+03,1.000000999999999918e+00
1.625064424276351929e+03,9.999989999999999712e-01
1.626064424276351929e+03,1.000000000000000000e+00
1.627064424276351929e+03,9.999989999999999712e-01
1.628064424276351929e+03,9.999989999999999712e-01
1.629064424276351929e+03,9.999989999999999712e-01
1.630064424276351929e+03,9.999989999999999712e-01
1.631064424276351929e+03,1.000000000000000000e+00
1.632064424276351929e+03,9.999989999999999712e-01
1.633064424276351929e+03,9.999989999999999712e-01
1.634064424276351929e+03,1.000000000000000000e+00
1.635064424276351929e+03,9.999989999999999712e-01
1.636064424276351929e+03,1.000000000000000000e+00
1.637064424276351929e+03,1.000000000000000000e+00
1.638064424276351929e+03,9.999989999999999712e-01
1.639064424276351929e+03,9.999989999999999712e-01
1.640064424276351929e+03,9.999989999999999712e-01
1.641064424276351929e+03,9.999989999999999712e-01
1.642064424276351929e+03,1.000000000000000000e+00
1.643064424276351929e+03,1.000000000000000000e+00
1.644064424276351929e+03,9.999980000000000535e-01
1.645064424276351929e+03,1.000000000000000000e+00
1.646064424276351929e+03,9.999989999999999712e-01
1.647064424276351929e+03,9.999980000000000535e-01
1.648064424276351929e+03,9.999989999999999712e-01
1.649064424276351929e+03,9.999980000000000535e-01
1.650064424276351929e+03,9.999959999999999960e-01
1.651064424276351929e+03,9.999980000000000535e-01
1.652064424276351929e+03,9.999989999999999712e-01
1.653064424276351929e+03,9.999989999999999712e-01
1.654064424276351929e+03,9.999980000000000535e-01
1.655064424276351929e+03,9.999989999999999712e-01
1.656064424276351929e+03,9.999980000000000535e-01
1.657064424276351929e+03,9.999980000000000535e-01
1.658064424276351929e+03,9.999989999999999712e-01
1.659064424276351929e+03,9.999980000000000535e-01
1.660064424276351929e+03,1.000000999999999918e+00
1.661064424276351929e+03,9.999959999999999960e-01
1.662064424276351929e+03,9.999989999999999712e-01
1.663064424276351929e+03,9.999989999999999712e-01
1.664064424276351929e+03,9.999989999999999712e-01
1.665064424276351929e+03,9.999989999999999712e-01
1.666064424276351929e+03,9.999989999999999712e-01
1.667064424276351929e+03,9.999980000000000535e-01
1.668064424276351929e+03,1.000000000000000000e+00
1.669064424276351929e+03,9.999980000000000535e-01
1.670064424276351929e+03,9.999989999999999712e-01
1.671064424276351929e+03,9.999980000000000535e-01
1.672064424276351929e+03,9.999980000000000535e-01
1.673064424276351929e+03,9.999989999999999712e-01
1.674064424276351929e+03,9.999980000000000535e-01
1.675064424276351929e+03,1.000000000000000000e+00
1.676064424276351929e+03,9.999959999999999960e-01
1.677064424276351929e+03,9.999980000000000535e-01
1.678064424276351929e+03,1.000000000000000000e+00
1.679064424276351929e+03,9.999980000000000535e-01
1.680064424276351929e+03,1.000000000000000000e+00
1.681064424276351929e+03,9.999989999999999712e-01
1.682064424276351929e+03,9.999980000000000535e-01
1.683064424276351929e+03,1.000000999999999918e+00
1.684064424276351929e+03,9.999959999999999960e-01
1.685064424276351929e+03,9.999970000000000248e-01
1.686064424276351929e+03,9.999989999999999712e-01
1.687064424276351929e+03,9.999980000000000535e-01
1.688064424276351929e+03,9.999989999999999712e-01
1.689064424276351929e+03,9.999989999999999712e-01
1.690064424276351929e+03,1.000000000000000000e+00
1.691064424276351929e+03,9.999989999999999712e-01
1.692064424276351929e+03,9.999989999999999712e-01
1.693064424276351929e+03,9.999989999999999712e-01
1.694064424276351929e+03,9.999989999999999712e-01
1.695064424276351929e+03,9.999989999999999712e-01
1.696064424276351929e+03,9.999980000000000535e-01
1.697064424276351929e+03,9.999989999999999712e-01
1.698064424276351929e+03,9.999989999999999712e-01
1.699064424276351929e+03,9.999989999999999712e-01
1.700064424276351929e+03,9.999989999999999712e-01
1.701064424276351929e+03,9.999989999999999712e-01
1.702064424276351929e+03,9.999989999999999712e-01
1.703064424276351929e+03,9.999989999999999712e-01
1.704064424276351929e+03,9.999980000000000535e-01
1.705064424276351929e+03,9.999980000000000535e-01
1.706064424276351929e+03,9.999970000000000248e-01
1.707064424276351929e+03,9.999989999999999712e-01
1.708064424276351929e+03,1.000000000000000000e+00
1.709064424276351929e+03,9.999989999999999712e-01
1.710064424276351929e+03,9.999970000000000248e-01
1.711064424276351929e+03,1.000000999999999918e+00
1.712064424276351929e+03,9.999989999999999712e-01
1.713064424276351929e+03,1.000000000000000000e+00
1.714064424276351929e+03,9.999989999999999712e-01
1.715064424276351929e+03,9.999949999999999672e-01
1.716064424276351929e+03,9.999989999999999712e-01
1.717064424276351929e+03,1.000002999999999975e+00
1.718064424276351929e+03,1.000000000000000000e+00
1.719064424276351929e+03,9.999970000000000248e-01
1.720064424276351929e+03,9.999989999999999712e-01
1.721064424276351929e+03,1.000000000000000000e+00
1.722064424276351929e+03,1.000000999999999918e+00
1.723064424276351929e+03,1.000000000000000000e+00
1.724064424276351929e+03,1.000000000000000000e+00
1.725064424276351929e+03,1.000000000000000000e+00
1.726064424276351929e+03,1.000000000000000000e+00
1.727064424276351929e+03,9.999989999999999712e-01
1.728064424276351929e+03,9.999989999999999712e-01
1.729064424276351929e+03,1.000000999999999918e+00
1.730064424276351929e+03,9.999989999999999712e-01
1.731064424276351929e+03,9.999989999999999712e-01
1.732064424276351929e+03,1.000000999999999918e+00
1.733064424276351929e+03,9.999980000000000535e-01
1.734064424276351929e+03,1.000000000000000000e+00
1.735064424276351929e+03,9.999980000000000535e-01
1.736064424276351929e+03,9.999959999999999960e-01
1.737064424276351929e+03,1.000000000000000000e+00
1.738064424276351929e+03,9.999980000000000535e-01
1.739064424276351929e+03,1.000000000000000000e+00
1.740064424276351929e+03,1.000000000000000000e+00
1.741064424276351929e+03,9.999989999999999712e-01
1.742064424276351929e+03,9.999980000000000535e-01
1.743064424276351929e+03,1.000000000000000000e+00
1.744064424276351929e+03,9.999989999999999712e-01
1.745064424276351929e+03,9.999989999999999712e-01
1.746064424276351929e+03,9.999989999999999712e-01
1.747064424276351929e+03,9.999989999999999712e-01
1.748064424276351929e+03,9.999989999999999712e-01
1.749064424276351929e+03,9.999989999999999712e-01
1.750064424276351929e+03,9.999989999999999712e-01
1.751064424276351929e+03,1.000000000000000000e+00
1.752064424276351929e+03,9.999989999999999712e-01
1.753064424276351929e+03,9.999980000000000535e-01
1.754064424276351929e+03,9.999989999999999712e-01
1.755064424276351929e+03,9.999989999999999712e-01
1.756064424276351929e+03,1.000000000000000000e+00
1.757064424276351929e+03,1.000000000000000000e+00
1.758064424276351929e+03,9.999970000000000248e-01
1.759064424276351929e+03,9.999989999999999712e-01
1.760064424276351929e+03,9.999970000000000248e-01
1.761064424276351929e+03,1.000000999999999918e+00
1.762064424276351929e+03,1.000000000000000000e+00
1.763064424276351929e+03,1.000002000000000058e+00
1.764064424276351929e+03,9.999989999999999712e-01
1.765065424203872681e+03,9.999989999999999712e-01
1.766065424203872681e+03,9.999970000000000248e-01
1.767065424203872681e+03,9.999989999999999712e-01
1.768065424203872681e+03,9.999980000000000535e-01
1.769065424203872681e+03,1.000002000000000058e+00
1.770065424203872681e+03,1.000000000000000000e+00
1.771065424203872681e+03,1.000000000000000000e+00
1.772065424203872681e+03,9.999989999999999712e-01
1.773065424203872681e+03,9.999989999999999712e-01
1.774065424203872681e+03,9.999980000000000535e-01
1.775065424203872681e+03,1.000000999999999918e+00
1.776065424203872681e+03,1.000000000000000000e+00
1.777065424203872681e+03,1.000000000000000000e+00
1.778065424203872681e+03,1.000000000000000000e+00
1.779065424203872681e+03,1.000000000000000000e+00
1.780065424203872681e+03,1.000000000000000000e+00
1.781065424203872681e+03,9.999989999999999712e-01
1.782065424203872681e+03,1.000000000000000000e+00
1.783065424203872681e+03,9.999980000000000535e-01
1.784065424203872681e+03,9.999980000000000535e-01
1.785065424203872681e+03,1.000000000000000000e+00
1.786065424203872681e+03,1.000000000000000000e+00
1.787065424203872681e+03,9.999970000000000248e-01
1.788065424203872681e+03,9.999970000000000248e-01
1.789065424203872681e+03,1.000000000000000000e+00
1.790065424203872681e+03,9.999989999999999712e-01
1.791065424203872681e+03,9.999970000000000248e-01
1.792065424203872681e+03,9.999970000000000248e-01
1.793065424203872681e+03,9.999970000000000248e-01
1.794065424203872681e+03,1.000002999999999975e+00
1.795065424203872681e+03,9.999989999999999712e-01
1.796065424203872681e+03,1.000000999999999918e+00
1.797065424203872681e+03,9.999959999999999960e-01
1.798065424203872681e+03,1.000002999999999975e+00
1.799065424203872681e+03,9.999980000000000535e-01
