0.000000000000000000e+00,1.000229999999999951e-07
2.009997367858886719e-01,1.000379999999999989e-07
4.009997844696044922e-01,1.000349999999999955e-07
6.009998321533203125e-01,1.000349999999999955e-07
8.009998798370361328e-01,1.000390000000000000e-07
1.000999927520751953e+00,1.000359999999999966e-07
1.200999736785888672e+00,1.000320000000000053e-07
1.400999784469604492e+00,1.000200000000000049e-07
1.600999832153320312e+00,1.000249999999999974e-07
1.800999879837036133e+00,1.000210000000000061e-07
2.000999927520751953e+00,1.000070000000000034e-07
2.202000141143798828e+00,1.000410000000000023e-07
2.402999877929687500e+00,1.000660000000000041e-07
2.602999925613403320e+00,1.000660000000000041e-07
2.802999973297119141e+00,1.000650000000000030e-07
3.003000020980834961e+00,1.000670000000000053e-07
3.203000068664550781e+00,1.000630000000000007e-07
3.403999805450439453e+00,1.000709999999999966e-07
3.603999853134155273e+00,1.000660000000000041e-07
3.803999900817871094e+00,1.000619999999999996e-07
4.003999948501586914e+00,1.000589999999999962e-07
4.203999996185302734e+00,1.000569999999999939e-07
4.404999732971191406e+00,1.000709999999999966e-07
4.604999780654907227e+00,1.000750000000000011e-07
4.804999828338623047e+00,1.000719999999999977e-07
5.004999876022338867e+00,1.000719999999999977e-07
5.204999923706054688e+00,1.000589999999999962e-07
5.404999732971191406e+00,1.000670000000000053e-07
5.604999780654907227e+00,1.000670000000000053e-07
5.804999828338623047e+00,1.000640000000000019e-07
6.004999876022338867e+00,1.000740000000000000e-07
6.204999923706054688e+00,1.000609999999999985e-07
6.404999732971191406e+00,1.000579999999999951e-07
6.604999780654907227e+00,1.000619999999999996e-07
6.804999828338623047e+00,1.000579999999999951e-07
7.004999876022338867e+00,1.000689999999999943e-07
7.204999923706054688e+00,1.000599999999999973e-07
7.404999732971191406e+00,1.000670000000000053e-07
7.604999780654907227e+00,1.000650000000000030e-07
7.804999828338623047e+00,1.000630000000000007e-07
8.004999876022338867e+00,1.000540000000000038e-07
8.204999923706054688e+00,1.000599999999999973e-07
8.404999732971191406e+00,1.000510000000000004e-07
8.604999780654907227e+00,1.000540000000000038e-07
8.804999828338623047e+00,1.000569999999999939e-07
9.004999876022338867e+00,1.000459999999999947e-07
9.204999923706054688e+00,1.000359999999999966e-07
9.404999732971191406e+00,1.000499999999999992e-07
9.604999780654907227e+00,1.000390000000000000e-07
9.804999828338623047e+00,1.000379999999999989e-07
1.000499987602233887e+01,1.000440000000000057e-07
1.020499992370605469e+01,1.000339999999999943e-07
1.040499973297119141e+01,1.000390000000000000e-07
1.060499978065490723e+01,1.000379999999999989e-07
1.080499982833862305e+01,1.000259999999999985e-07
1.100499987602233887e+01,1.000339999999999943e-07
1.120499992370605469e+01,1.000249999999999974e-07
1.140499973297119141e+01,1.000190000000000038e-07
1.160499978065490723e+01,1.000310000000000042e-07
1.180499982833862305e+01,1.000149999999999992e-07
1.200499987602233887e+01,1.000060000000000023e-07
1.220499992370605469e+01,1.000029999999999989e-07
1.240499973297119141e+01,1.000129999999999970e-07
1.260499978065490723e+01,1.000070000000000034e-07
1.280499982833862305e+01,1.000009999999999966e-07
1.300499987602233887e+01,9.999700000000000531e-08
1.320499992370605469e+01,1.000050000000000011e-07
1.340499973297119141e+01,1.000050000000000011e-07
1.360499978065490723e+01,1.000009999999999966e-07
1.380499982833862305e+01,9.999899999999999434e-08
1.400499987602233887e+01,9.999500000000000304e-08
1.420499992370605469e+01,9.999400000000000191e-08
1.440499973297119141e+01,1.000050000000000011e-07
1.460499978065490723e+01,9.999600000000000417e-08
1.480499982833862305e+01,9.998699999999999397e-08
1.500499987602233887e+01,9.999400000000000191e-08
1.520499992370605469e+01,9.999999999999999547e-08
1.540499973297119141e+01,9.998100000000000040e-08
1.560499978065490723e+01,9.997599999999999473e-08
1.580499982833862305e+01,9.998300000000000267e-08
1.600499987602233887e+01,9.997999999999999927e-08
1.620499992370605469e+01,9.997799999999999700e-08
1.640499973297119141e+01,9.997999999999999927e-08
1.660499978065490723e+01,9.997300000000000456e-08
1.680499982833862305e+01,9.997000000000000116e-08
1.700499987602233887e+01,9.996300000000000646e-08
1.720499992370605469e+01,9.997100000000000230e-08
1.740499973297119141e+01,9.996100000000000419e-08
1.760499978065490723e+01,9.996499999999999549e-08
1.780499982833862305e+01,9.995800000000000079e-08
1.800499987602233887e+01,9.995599999999999852e-08
1.820499992370605469e+01,9.996300000000000646e-08
1.840499973297119141e+01,9.995800000000000079e-08
1.860499978065490723e+01,9.995599999999999852e-08
1.880499982833862305e+01,9.995399999999999625e-08
1.900499987602233887e+01,9.994399999999999815e-08
1.920499992370605469e+01,9.994399999999999815e-08
1.940600013732910156e+01,9.999300000000000077e-08
1.960699987411499023e+01,1.000190000000000038e-07
1.980699992179870605e+01,1.000119999999999958e-07
2.000699996948242188e+01,1.000210000000000061e-07
2.020700001716613770e+01,1.000139999999999981e-07
2.040700006484985352e+01,1.000109999999999947e-07
2.060799980163574219e+01,1.000390000000000000e-07
2.080899977684020996e+01,1.000680000000000064e-07
2.100899982452392578e+01,1.000630000000000007e-07
2.120899987220764160e+01,1.000599999999999973e-07
2.140899991989135742e+01,1.000630000000000007e-07
2.160899972915649414e+01,1.000609999999999985e-07
2.180899977684020996e+01,1.000599999999999973e-07
2.200899982452392578e+01,1.000560000000000060e-07
2.220899987220764160e+01,1.000499999999999992e-07
2.240899991989135742e+01,1.000499999999999992e-07
2.260899972915649414e+01,1.000560000000000060e-07
2.280899977684020996e+01,1.000489999999999981e-07
2.300899982452392578e+01,1.000459999999999947e-07
2.320899987220764160e+01,1.000430000000000045e-07
2.340899991989135742e+01,1.000390000000000000e-07
2.360899972915649414e+01,1.000440000000000057e-07
2.380899977684020996e+01,1.000420000000000034e-07
2.400899982452392578e+01,1.000410000000000023e-07
2.420899987220764160e+01,1.000449999999999936e-07
2.440899991989135742e+01,1.000430000000000045e-07
2.460899972915649414e+01,1.000410000000000023e-07
2.480899977684020996e+01,1.000410000000000023e-07
2.500899982452392578e+01,1.000410000000000023e-07
2.520899987220764160e+01,1.000359999999999966e-07
2.540899991989135742e+01,1.000379999999999989e-07
2.560899972915649414e+01,1.000349999999999955e-07
2.580899977684020996e+01,1.000359999999999966e-07
2.600899982452392578e+01,1.000310000000000042e-07
2.620899987220764160e+01,1.000300000000000030e-07
2.640899991989135742e+01,1.000339999999999943e-07
2.660899972915649414e+01,1.000369999999999977e-07
2.680899977684020996e+01,1.000300000000000030e-07
2.700899982452392578e+01,1.000330000000000064e-07
2.720899987220764160e+01,1.000300000000000030e-07
2.740899991989135742e+01,1.000330000000000064e-07
2.760899972915649414e+01,1.000259999999999985e-07
2.780899977684020996e+01,1.000400000000000011e-07
2.800899982452392578e+01,1.000200000000000049e-07
2.820899987220764160e+01,1.000180000000000027e-07
2.840899991989135742e+01,1.000090000000000057e-07
2.860899972915649414e+01,1.000200000000000049e-07
2.880899977684020996e+01,1.000180000000000027e-07
2.900899982452392578e+01,1.000170000000000015e-07
2.920899987220764160e+01,1.000190000000000038e-07
2.940899991989135742e+01,1.000099999999999936e-07
2.960899972915649414e+01,1.000180000000000027e-07
2.980899977684020996e+01,1.000029999999999989e-07
3.000899982452392578e+01,1.000129999999999970e-07
3.020899987220764160e+01,1.000080000000000045e-07
3.040899991989135742e+01,9.999700000000000531e-08
3.060899972915649414e+01,1.000219999999999940e-07
3.080899977684020996e+01,1.000160000000000004e-07
3.100899982452392578e+01,1.000040000000000000e-07
3.120899987220764160e+01,9.999800000000000644e-08
3.140899991989135742e+01,9.999700000000000531e-08
3.160899972915649414e+01,1.000060000000000023e-07
3.180899977684020996e+01,1.000009999999999966e-07
3.200899982452392578e+01,9.999899999999999434e-08
3.220899987220764160e+01,1.000009999999999966e-07
3.240899991989135742e+01,1.000009999999999966e-07
3.260899972915649414e+01,9.999099999999999850e-08
3.280899977684020996e+01,9.998400000000000380e-08
3.300899982452392578e+01,9.997999999999999927e-08
3.320899987220764160e+01,9.997899999999999813e-08
3.340899991989135742e+01,9.998100000000000040e-08
3.360899972915649414e+01,9.997300000000000456e-08
3.380899977684020996e+01,9.997100000000000230e-08
3.400899982452392578e+01,9.996499999999999549e-08
3.420899987220764160e+01,9.996799999999999889e-08
3.440899991989135742e+01,9.995900000000000192e-08
3.460899972915649414e+01,9.997000000000000116e-08
3.480899977684020996e+01,9.996699999999999776e-08
3.500899982452392578e+01,9.995900000000000192e-08
3.520899987220764160e+01,9.996300000000000646e-08
3.540899991989135742e+01,9.995299999999999512e-08
3.560899972915649414e+01,9.995599999999999852e-08
3.580899977684020996e+01,9.993900000000000572e-08
3.600899982452392578e+01,9.993900000000000572e-08
3.620899987220764160e+01,9.994199999999999588e-08
3.640899991989135742e+01,9.993700000000000345e-08
3.660899972915649414e+01,9.992500000000000308e-08
3.680899977684020996e+01,9.992700000000000534e-08
3.700899982452392578e+01,9.991699999999999400e-08
3.720899987220764160e+01,9.991500000000000497e-08
3.740899991989135742e+01,9.992099999999999854e-08
3.760899972915649414e+01,9.991899999999999627e-08
3.780899977684020996e+01,9.990499999999999363e-08
3.800899982452392578e+01,9.990100000000000233e-08
3.820899987220764160e+01,9.991200000000000157e-08
3.840899991989135742e+01,9.990899999999999817e-08
3.860899972915649414e+01,9.989799999999999893e-08
3.880899977684020996e+01,9.988800000000000082e-08
3.900899982452392578e+01,9.988800000000000082e-08
3.920899987220764160e+01,9.989000000000000309e-08
3.940899991989135742e+01,9.989300000000000649e-08
3.960899972915649414e+01,9.989100000000000423e-08
3.980899977684020996e+01,9.989900000000000006e-08
4.000899982452392578e+01,9.989000000000000309e-08
4.020899987220764160e+01,9.988800000000000082e-08
4.040899991989135742e+01,9.988499999999999742e-08
4.060899972915649414e+01,9.989200000000000536e-08
4.080899977684020996e+01,9.988699999999999969e-08
4.100899982452392578e+01,9.987299999999999705e-08
4.120899987220764160e+01,9.987900000000000385e-08
4.140899991989135742e+01,9.986900000000000575e-08
4.160899972915649414e+01,9.988100000000000612e-08
4.180899977684020996e+01,9.988599999999999856e-08
4.200899982452392578e+01,9.989599999999999666e-08
4.220899987220764160e+01,9.987900000000000385e-08
4.240899991989135742e+01,9.988299999999999516e-08
4.260899972915649414e+01,9.988199999999999402e-08
4.280899977684020996e+01,9.988399999999999629e-08
4.300899982452392578e+01,9.988699999999999969e-08
4.320899987220764160e+01,9.989300000000000649e-08
4.340899991989135742e+01,9.990400000000000573e-08
4.360899972915649414e+01,9.989200000000000536e-08
4.380899977684020996e+01,9.989100000000000423e-08
4.400899982452392578e+01,9.989799999999999893e-08
4.420899987220764160e+01,9.989599999999999666e-08
4.440899991989135742e+01,9.989799999999999893e-08
4.460899972915649414e+01,9.989599999999999666e-08
4.480899977684020996e+01,9.991200000000000157e-08
4.500899982452392578e+01,9.989900000000000006e-08
4.520899987220764160e+01,9.990799999999999703e-08
4.540899991989135742e+01,9.990400000000000573e-08
4.560899972915649414e+01,9.991999999999999741e-08
4.580899977684020996e+01,9.991999999999999741e-08
4.600899982452392578e+01,9.991799999999999514e-08
4.620899987220764160e+01,9.991899999999999627e-08
4.640899991989135742e+01,9.991899999999999627e-08
4.660899972915649414e+01,9.991999999999999741e-08
4.680899977684020996e+01,9.992400000000000194e-08
4.700899982452392578e+01,9.992700000000000534e-08
4.720899987220764160e+01,9.992500000000000308e-08
4.740899991989135742e+01,9.992700000000000534e-08
4.760899972915649414e+01,9.992800000000000648e-08
4.780899977684020996e+01,9.992400000000000194e-08
4.800899982452392578e+01,9.993099999999999664e-08
4.820899987220764160e+01,9.993199999999999778e-08
4.840899991989135742e+01,9.992400000000000194e-08
4.860899972915649414e+01,9.992800000000000648e-08
4.880899977684020996e+01,9.993700000000000345e-08
4.900899982452392578e+01,9.994900000000000382e-08
4.920899987220764160e+01,9.993299999999999891e-08
4.940899991989135742e+01,9.992899999999999438e-08
4.960899972915649414e+01,9.993099999999999664e-08
4.980899977684020996e+01,9.993500000000000118e-08
5.000899982452392578e+01,9.993299999999999891e-08
5.020899987220764160e+01,9.993900000000000572e-08
5.040899991989135742e+01,9.993700000000000345e-08
5.060899972915649414e+01,9.994099999999999475e-08
5.080899977684020996e+01,9.994499999999999928e-08
5.100899982452392578e+01,9.994499999999999928e-08
5.120899987220764160e+01,9.995000000000000495e-08
5.140899991989135742e+01,9.994600000000000042e-08
5.160899972915649414e+01,9.995699999999999966e-08
5.180899977684020996e+01,9.996100000000000419e-08
5.200899982452392578e+01,9.996100000000000419e-08
5.220899987220764160e+01,9.996399999999999436e-08
5.240899991989135742e+01,9.996900000000000003e-08
5.260899972915649414e+01,9.996599999999999663e-08
5.280899977684020996e+01,9.996699999999999776e-08
5.300899982452392578e+01,9.997599999999999473e-08
5.320899987220764160e+01,9.997699999999999586e-08
5.340899991989135742e+01,9.997999999999999927e-08
5.360899972915649414e+01,9.998999999999999737e-08
5.380899977684020996e+01,9.998300000000000267e-08
5.400899982452392578e+01,9.998999999999999737e-08
5.420899987220764160e+01,9.999400000000000191e-08
5.440899991989135742e+01,9.999899999999999434e-08
5.460899972915649414e+01,1.000019999999999977e-07
5.480899977684020996e+01,9.999099999999999850e-08
5.500899982452392578e+01,9.999300000000000077e-08
5.520899987220764160e+01,9.999700000000000531e-08
5.540899991989135742e+01,1.000129999999999970e-07
5.560899972915649414e+01,1.000149999999999992e-07
5.580899977684020996e+01,1.000210000000000061e-07
5.600899982452392578e+01,1.000249999999999974e-07
5.620899987220764160e+01,1.000219999999999940e-07
5.640899991989135742e+01,1.000339999999999943e-07
5.660899972915649414e+01,1.000310000000000042e-07
5.680899977684020996e+01,1.000369999999999977e-07
5.700899982452392578e+01,1.000479999999999970e-07
5.720899987220764160e+01,1.000449999999999936e-07
5.740899991989135742e+01,1.000520000000000015e-07
5.760899972915649414e+01,1.000459999999999947e-07
5.780899977684020996e+01,1.000530000000000026e-07
5.800899982452392578e+01,1.000640000000000019e-07
5.820899987220764160e+01,1.000630000000000007e-07
5.840899991989135742e+01,1.000709999999999966e-07
5.860899972915649414e+01,1.000709999999999966e-07
5.880899977684020996e+01,1.000819999999999958e-07
5.900899982452392578e+01,1.000719999999999977e-07
5.920899987220764160e+01,1.000790000000000056e-07
5.940899991989135742e+01,1.000870000000000015e-07
5.960899972915649414e+01,1.000919999999999939e-07
5.980899977684020996e+01,1.000910000000000060e-07
6.000899982452392578e+01,1.000860000000000003e-07
6.020899987220764160e+01,1.000900000000000049e-07
6.040899991989135742e+01,1.000870000000000015e-07
6.060899972915649414e+01,1.000910000000000060e-07
6.080899977684020996e+01,1.000900000000000049e-07
6.100899982452392578e+01,1.001020000000000053e-07
6.120899987220764160e+01,1.000910000000000060e-07
6.140899991989135742e+01,1.000969999999999996e-07
6.160899972915649414e+01,1.000980000000000007e-07
6.180899977684020996e+01,1.001000000000000030e-07
6.200899982452392578e+01,1.001130000000000045e-07
6.220899987220764160e+01,1.000949999999999973e-07
6.240899991989135742e+01,1.001130000000000045e-07
6.260899972915649414e+01,1.000990000000000019e-07
6.280899977684020996e+01,1.001030000000000064e-07
6.300899982452392578e+01,1.001159999999999947e-07
6.320899987220764160e+01,1.001049999999999954e-07
6.340899991989135742e+01,1.001059999999999966e-07
6.360899972915649414e+01,1.001079999999999988e-07
6.380899977684020996e+01,1.001079999999999988e-07
6.400899982452392578e+01,1.001130000000000045e-07
6.420899987220764160e+01,1.001110000000000022e-07
6.440899991989135742e+01,1.001100000000000011e-07
6.460899972915649414e+01,1.001100000000000011e-07
6.480899977684020996e+01,1.001100000000000011e-07
6.500899982452392578e+01,1.001189999999999981e-07
6.520899987220764160e+01,1.001220000000000015e-07
6.540899991989135742e+01,1.001330000000000007e-07
6.560899972915649414e+01,1.001299999999999973e-07
6.580899977684020996e+01,1.001210000000000003e-07
6.600899982452392578e+01,1.001279999999999950e-07
6.620899987220764160e+01,1.001169999999999958e-07
6.640899991989135742e+01,1.001350000000000030e-07
6.660899972915649414e+01,1.001220000000000015e-07
6.680899977684020996e+01,1.001260000000000060e-07
6.700899982452392578e+01,1.001250000000000049e-07
6.720899987220764160e+01,1.001230000000000026e-07
6.740899991989135742e+01,1.001269999999999939e-07
6.760899972915649414e+01,1.001120000000000034e-07
6.780899977684020996e+01,1.001159999999999947e-07
6.800899982452392578e+01,1.001199999999999992e-07
6.820899987220764160e+01,1.001210000000000003e-07
6.840899991989135742e+01,1.001189999999999981e-07
6.860899972915649414e+01,1.001110000000000022e-07
6.880899977684020996e+01,1.001189999999999981e-07
6.900899982452392578e+01,1.001079999999999988e-07
6.920899987220764160e+01,1.001110000000000022e-07
6.940899991989135742e+01,1.001030000000000064e-07
6.960899972915649414e+01,1.001039999999999943e-07
6.980899977684020996e+01,1.001030000000000064e-07
7.000899982452392578e+01,1.001079999999999988e-07
7.020899987220764160e+01,1.001010000000000041e-07
7.040899991989135742e+01,1.001030000000000064e-07
7.060899972915649414e+01,1.000980000000000007e-07
7.080899977684020996e+01,1.000939999999999962e-07
7.100899982452392578e+01,1.001020000000000053e-07
7.120899987220764160e+01,1.000929999999999951e-07
7.140899991989135742e+01,1.000929999999999951e-07
7.160899972915649414e+01,1.000949999999999973e-07
7.180899977684020996e+01,1.001000000000000030e-07
7.200899982452392578e+01,1.000809999999999947e-07
7.220899987220764160e+01,1.000819999999999958e-07
7.240899991989135742e+01,1.000829999999999969e-07
7.260899972915649414e+01,1.000809999999999947e-07
7.280899977684020996e+01,1.000780000000000045e-07
7.300899982452392578e+01,1.000740000000000000e-07
7.320899987220764160e+01,1.000839999999999981e-07
7.340899991989135742e+01,1.000750000000000011e-07
7.360899972915649414e+01,1.000790000000000056e-07
7.380899977684020996e+01,1.000770000000000034e-07
7.400899982452392578e+01,1.000809999999999947e-07
7.420899987220764160e+01,1.000670000000000053e-07
7.440899991989135742e+01,1.000770000000000034e-07
7.460899972915649414e+01,1.000770000000000034e-07
7.480899977684020996e+01,1.000770000000000034e-07
7.500899982452392578e+01,1.000680000000000064e-07
7.520899987220764160e+01,1.000689999999999943e-07
7.540899991989135742e+01,1.000770000000000034e-07
7.560899972915649414e+01,1.000780000000000045e-07
7.580899977684020996e+01,1.000799999999999935e-07
7.600899982452392578e+01,1.000719999999999977e-07
7.620899987220764160e+01,1.000689999999999943e-07
7.640899991989135742e+01,1.000670000000000053e-07
7.660899972915649414e+01,1.000650000000000030e-07
7.680899977684020996e+01,1.000680000000000064e-07
7.700899982452392578e+01,1.000650000000000030e-07
7.720899987220764160e+01,1.000709999999999966e-07
7.740899991989135742e+01,1.000680000000000064e-07
7.760899972915649414e+01,1.000650000000000030e-07
7.780899977684020996e+01,1.000630000000000007e-07
7.800899982452392578e+01,1.000689999999999943e-07
7.820899987220764160e+01,1.000650000000000030e-07
7.840899991989135742e+01,1.000599999999999973e-07
7.860899972915649414e+01,1.000619999999999996e-07
7.880899977684020996e+01,1.000619999999999996e-07
7.900899982452392578e+01,1.000630000000000007e-07
7.920899987220764160e+01,1.000609999999999985e-07
7.940899991989135742e+01,1.000670000000000053e-07
7.960899972915649414e+01,1.000689999999999943e-07
7.980899977684020996e+01,1.000680000000000064e-07
8.000899982452392578e+01,1.000699999999999954e-07
8.020899987220764160e+01,1.000719999999999977e-07
8.040899991989135742e+01,1.000650000000000030e-07
8.060899972915649414e+01,1.000630000000000007e-07
8.080899977684020996e+01,1.000640000000000019e-07
8.100899982452392578e+01,1.000589999999999962e-07
8.120899987220764160e+01,1.000609999999999985e-07
8.140899991989135742e+01,1.000719999999999977e-07
8.160899972915649414e+01,1.000640000000000019e-07
8.180899977684020996e+01,1.000609999999999985e-07
8.200899982452392578e+01,1.000640000000000019e-07
8.220899987220764160e+01,1.000640000000000019e-07
8.240899991989135742e+01,1.000579999999999951e-07
8.260899972915649414e+01,1.000670000000000053e-07
8.280899977684020996e+01,1.000619999999999996e-07
8.300899982452392578e+01,1.000680000000000064e-07
8.320899987220764160e+01,1.000670000000000053e-07
8.340899991989135742e+01,1.000579999999999951e-07
8.360899972915649414e+01,1.000579999999999951e-07
8.380899977684020996e+01,1.000640000000000019e-07
8.400899982452392578e+01,1.000560000000000060e-07
8.420899987220764160e+01,1.000579999999999951e-07
8.440899991989135742e+01,1.000619999999999996e-07
8.460899972915649414e+01,1.000650000000000030e-07
8.480899977684020996e+01,1.000550000000000049e-07
8.500899982452392578e+01,1.000540000000000038e-07
8.520899987220764160e+01,1.000550000000000049e-07
8.540899991989135742e+01,1.000479999999999970e-07
8.560899972915649414e+01,1.000459999999999947e-07
8.580899977684020996e+01,1.000449999999999936e-07
8.600899982452392578e+01,1.000489999999999981e-07
8.620899987220764160e+01,1.000449999999999936e-07
8.640899991989135742e+01,1.000489999999999981e-07
8.660899972915649414e+01,1.000390000000000000e-07
8.680899977684020996e+01,1.000489999999999981e-07
8.700899982452392578e+01,1.000540000000000038e-07
8.720899987220764160e+01,1.000390000000000000e-07
8.740899991989135742e+01,1.000479999999999970e-07
8.760899972915649414e+01,1.000459999999999947e-07
8.780899977684020996e+01,1.000479999999999970e-07
8.800899982452392578e+01,1.000510000000000004e-07
8.820899987220764160e+01,1.000510000000000004e-07
8.840899991989135742e+01,1.000449999999999936e-07
8.860899972915649414e+01,1.000440000000000057e-07
8.880899977684020996e+01,1.000390000000000000e-07
8.900899982452392578e+01,1.000499999999999992e-07
8.920899987220764160e+01,1.000420000000000034e-07
8.940899991989135742e+01,1.000440000000000057e-07
8.960899972915649414e+01,1.000440000000000057e-07
8.980899977684020996e+01,1.000499999999999992e-07
9.000899982452392578e+01,1.000459999999999947e-07
9.020899987220764160e+01,1.000489999999999981e-07
9.040899991989135742e+01,1.000430000000000045e-07
9.060899972915649414e+01,1.000449999999999936e-07
9.080899977684020996e+01,1.000449999999999936e-07
9.100899982452392578e+01,1.000530000000000026e-07
9.120899987220764160e+01,1.000430000000000045e-07
9.140899991989135742e+01,1.000400000000000011e-07
9.160899972915649414e+01,1.000420000000000034e-07
9.180899977684020996e+01,1.000430000000000045e-07
9.200899982452392578e+01,1.000489999999999981e-07
9.220899987220764160e+01,1.000379999999999989e-07
9.240899991989135742e+01,1.000410000000000023e-07
9.260899972915649414e+01,1.000440000000000057e-07
9.280899977684020996e+01,1.000449999999999936e-07
9.300899982452392578e+01,1.000520000000000015e-07
9.320899987220764160e+01,1.000410000000000023e-07
9.340899991989135742e+01,1.000530000000000026e-07
9.360899972915649414e+01,1.000440000000000057e-07
9.380899977684020996e+01,1.000449999999999936e-07
9.400899982452392578e+01,1.000469999999999958e-07
9.420899987220764160e+01,1.000530000000000026e-07
9.440899991989135742e+01,1.000440000000000057e-07
9.460899972915649414e+01,1.000520000000000015e-07
9.480899977684020996e+01,1.000489999999999981e-07
9.500899982452392578e+01,1.000489999999999981e-07
9.520899987220764160e+01,1.000410000000000023e-07
9.540899991989135742e+01,1.000499999999999992e-07
9.560899972915649414e+01,1.000560000000000060e-07
9.580899977684020996e+01,1.000560000000000060e-07
9.600899982452392578e+01,1.000550000000000049e-07
9.620899987220764160e+01,1.000499999999999992e-07
9.640899991989135742e+01,1.000510000000000004e-07
9.660899972915649414e+01,1.000499999999999992e-07
9.680899977684020996e+01,1.000630000000000007e-07
9.700899982452392578e+01,1.000540000000000038e-07
9.721000003814697266e+01,1.000660000000000041e-07
9.741000008583068848e+01,1.000619999999999996e-07
9.761000013351440430e+01,1.000680000000000064e-07
9.781099987030029297e+01,1.000809999999999947e-07
9.801099991798400879e+01,1.000880000000000026e-07
9.821099996566772461e+01,1.000729999999999988e-07
9.841100001335144043e+01,1.000780000000000045e-07
9.861100006103515625e+01,1.000880000000000026e-07
9.881199979782104492e+01,1.000919999999999939e-07
9.901199984550476074e+01,1.001020000000000053e-07
9.921299982070922852e+01,1.001110000000000022e-07
9.941299986839294434e+01,1.001189999999999981e-07
9.961299991607666016e+01,1.001240000000000037e-07
9.981299972534179688e+01,1.001049999999999954e-07
1.000129997730255127e+02,1.001169999999999958e-07
1.002129998207092285e+02,1.001149999999999935e-07
1.004129998683929443e+02,1.001269999999999939e-07
1.006129999160766602e+02,1.001149999999999935e-07
1.008129997253417969e+02,1.001100000000000011e-07
1.010129997730255127e+02,1.001120000000000034e-07
1.012129998207092285e+02,1.001110000000000022e-07
1.014129998683929443e+02,1.001149999999999935e-07
1.016129999160766602e+02,1.001169999999999958e-07
1.018129997253417969e+02,1.001159999999999947e-07
1.020129997730255127e+02,1.001169999999999958e-07
1.022129998207092285e+02,1.001250000000000049e-07
1.024129998683929443e+02,1.001230000000000026e-07
1.026129999160766602e+02,1.001230000000000026e-07
1.028129997253417969e+02,1.001169999999999958e-07
1.030129997730255127e+02,1.001220000000000015e-07
1.032129998207092285e+02,1.001269999999999939e-07
1.034129998683929443e+02,1.001169999999999958e-07
1.036129999160766602e+02,1.001199999999999992e-07
1.038129997253417969e+02,1.001289999999999962e-07
1.040129997730255127e+02,1.001220000000000015e-07
1.042129998207092285e+02,1.001220000000000015e-07
1.044129998683929443e+02,1.001230000000000026e-07
1.046129999160766602e+02,1.001260000000000060e-07
1.048129997253417969e+02,1.001250000000000049e-07
1.050129997730255127e+02,1.001159999999999947e-07
1.052129998207092285e+02,1.001220000000000015e-07
1.054129998683929443e+02,1.001199999999999992e-07
1.056129999160766602e+02,1.001319999999999996e-07
1.058129997253417969e+02,1.001289999999999962e-07
1.060129997730255127e+02,1.001269999999999939e-07
1.062129998207092285e+02,1.001260000000000060e-07
1.064129998683929443e+02,1.001330000000000007e-07
1.066129999160766602e+02,1.001260000000000060e-07
1.068129997253417969e+02,1.001309999999999984e-07
1.070129997730255127e+02,1.001279999999999950e-07
1.072129998207092285e+02,1.001199999999999992e-07
1.074129998683929443e+02,1.001269999999999939e-07
1.076129999160766602e+02,1.001269999999999939e-07
1.078129997253417969e+02,1.001250000000000049e-07
1.080129997730255127e+02,1.001279999999999950e-07
1.082129998207092285e+02,1.001299999999999973e-07
1.084129998683929443e+02,1.001250000000000049e-07
1.086129999160766602e+02,1.001260000000000060e-07
1.088129997253417969e+02,1.001230000000000026e-07
1.090129997730255127e+02,1.001230000000000026e-07
1.092129998207092285e+02,1.001250000000000049e-07
1.094129998683929443e+02,1.001260000000000060e-07
1.096129999160766602e+02,1.001210000000000003e-07
1.098129997253417969e+02,1.001279999999999950e-07
1.100129997730255127e+02,1.001230000000000026e-07
1.102129998207092285e+02,1.001250000000000049e-07
1.104129998683929443e+02,1.001250000000000049e-07
1.106129999160766602e+02,1.001230000000000026e-07
1.108129997253417969e+02,1.001220000000000015e-07
1.110129997730255127e+02,1.001289999999999962e-07
1.112129998207092285e+02,1.001240000000000037e-07
1.114129998683929443e+02,1.001120000000000034e-07
1.116129999160766602e+02,1.001250000000000049e-07
1.118129997253417969e+02,1.001199999999999992e-07
1.120139999389648438e+02,1.001039999999999943e-07
1.122139999866485596e+02,1.000949999999999973e-07
1.124140000343322754e+02,1.000959999999999985e-07
1.126140000820159912e+02,1.000929999999999951e-07
1.128140001296997070e+02,1.000819999999999958e-07
1.130149998664855957e+02,1.000479999999999970e-07
1.132159998416900635e+02,9.999999999999999547e-08
1.134159998893737793e+02,1.000040000000000000e-07
1.136169998645782471e+02,9.996900000000000003e-08
1.138169999122619629e+02,9.996200000000000533e-08
1.140169999599456787e+02,9.996599999999999663e-08
1.142179999351501465e+02,9.993800000000000458e-08
1.144179999828338623e+02,9.993099999999999664e-08
1.146180000305175781e+02,9.993900000000000572e-08
1.148180000782012939e+02,9.994199999999999588e-08
1.150180001258850098e+02,9.994199999999999588e-08
1.152189998626708984e+02,9.992899999999999438e-08
1.154199998378753662e+02,9.991799999999999514e-08
1.156209998130798340e+02,9.991400000000000384e-08
1.158209998607635498e+02,9.989900000000000006e-08
1.160209999084472656e+02,9.991699999999999400e-08
1.162209999561309814e+02,9.989699999999999780e-08
1.164219999313354492e+02,9.988299999999999516e-08
1.166229999065399170e+02,9.988699999999999969e-08
1.168229999542236328e+02,9.988900000000000196e-08
1.170239999294281006e+02,9.991899999999999627e-08
1.172249999046325684e+02,9.997200000000000343e-08
1.174249999523162842e+02,9.995499999999999739e-08
1.176249997615814209e+02,9.996000000000000306e-08
1.178249998092651367e+02,9.997200000000000343e-08
1.180249998569488525e+02,9.995699999999999966e-08
1.182249999046325684e+02,9.996499999999999549e-08
1.184249999523162842e+02,9.996300000000000646e-08
1.186259999275207520e+02,1.000099999999999936e-07
1.188259999752044678e+02,1.000019999999999977e-07
1.190269999504089355e+02,1.000349999999999955e-07
1.192269999980926514e+02,1.000330000000000064e-07
1.194279999732971191e+02,1.000609999999999985e-07
1.196280000209808350e+02,1.000540000000000038e-07
1.198289997577667236e+02,1.000689999999999943e-07
1.200289998054504395e+02,1.000550000000000049e-07
1.202289998531341553e+02,1.000699999999999954e-07
1.204289999008178711e+02,1.000709999999999966e-07
1.206289999485015869e+02,1.000579999999999951e-07
1.208299999237060547e+02,1.000780000000000045e-07
1.210299999713897705e+02,1.000780000000000045e-07
1.212300000190734863e+02,1.000770000000000034e-07
1.214300000667572021e+02,1.000770000000000034e-07
1.216300001144409180e+02,1.000780000000000045e-07
1.218299999237060547e+02,1.000760000000000022e-07
1.220299999713897705e+02,1.000819999999999958e-07
1.222300000190734863e+02,1.000770000000000034e-07
1.224300000667572021e+02,1.000780000000000045e-07
1.226300001144409180e+02,1.000780000000000045e-07
1.228299999237060547e+02,1.000780000000000045e-07
1.230299999713897705e+02,1.000870000000000015e-07
1.232309999465942383e+02,1.001000000000000030e-07
1.234319999217987061e+02,1.001240000000000037e-07
1.236319999694824219e+02,1.001120000000000034e-07
1.238320000171661377e+02,1.001189999999999981e-07
1.240329997539520264e+02,1.001059999999999966e-07
1.242329998016357422e+02,1.001189999999999981e-07
1.244329998493194580e+02,1.001039999999999943e-07
1.246329998970031738e+02,1.001130000000000045e-07
1.248329999446868896e+02,1.001199999999999992e-07
1.250329997539520264e+02,1.001250000000000049e-07
1.252329998016357422e+02,1.001049999999999954e-07
1.254329998493194580e+02,1.001079999999999988e-07
1.256329998970031738e+02,1.001079999999999988e-07
1.258329999446868896e+02,1.001140000000000056e-07
1.260339999198913574e+02,1.000799999999999935e-07
1.262339999675750732e+02,1.000849999999999992e-07
1.264340000152587891e+02,1.000870000000000015e-07
1.266340000629425049e+02,1.000630000000000007e-07
1.268350000381469727e+02,1.000160000000000004e-07
1.270350000858306885e+02,1.000259999999999985e-07
1.272359998226165771e+02,9.997999999999999927e-08
1.274369997978210449e+02,9.994800000000000269e-08
1.276369998455047607e+02,9.994600000000000042e-08
1.278369998931884766e+02,9.995000000000000495e-08
1.280369999408721924e+02,9.995299999999999512e-08
1.282379999160766602e+02,9.992500000000000308e-08
1.284379999637603760e+02,9.992400000000000194e-08
1.286389999389648438e+02,9.992800000000000648e-08
1.288399999141693115e+02,9.991999999999999741e-08
1.290399999618530273e+02,9.992199999999999967e-08
1.292400000095367432e+02,9.991500000000000497e-08
1.294409997463226318e+02,9.988299999999999516e-08
1.296409997940063477e+02,9.989000000000000309e-08
1.298409998416900635e+02,9.988900000000000196e-08
1.300409998893737793e+02,9.989499999999999553e-08
1.302409999370574951e+02,9.988900000000000196e-08
1.304409997463226318e+02,9.989200000000000536e-08
1.306409997940063477e+02,9.989200000000000536e-08
1.308409998416900635e+02,9.988499999999999742e-08
1.310409998893737793e+02,9.988499999999999742e-08
1.312409999370574951e+02,9.989300000000000649e-08
1.314420001506805420e+02,9.989499999999999553e-08
1.316429998874664307e+02,9.989399999999999439e-08
1.318429999351501465e+02,9.992400000000000194e-08
1.320439999103546143e+02,9.996699999999999776e-08
1.322439999580383301e+02,9.995499999999999739e-08
1.324440000057220459e+02,9.995599999999999852e-08
1.326449997425079346e+02,1.000070000000000034e-07
1.328449997901916504e+02,1.000090000000000057e-07
1.330449998378753662e+02,1.000090000000000057e-07
1.332449998855590820e+02,9.999400000000000191e-08
1.334449999332427979e+02,1.000070000000000034e-07
1.336460001468658447e+02,1.000300000000000030e-07
1.338469998836517334e+02,1.000660000000000041e-07
1.340479998588562012e+02,1.000699999999999954e-07
1.342479999065399170e+02,1.000650000000000030e-07
1.344479999542236328e+02,1.000619999999999996e-07
1.346480000019073486e+02,9.984600000000000614e-08
1.348489997386932373e+02,1.000829999999999969e-07
1.350489997863769531e+02,1.000819999999999958e-07
1.352489998340606689e+02,1.000900000000000049e-07
1.354489998817443848e+02,1.000770000000000034e-07
1.356489999294281006e+02,1.000819999999999958e-07
1.358489997386932373e+02,1.000809999999999947e-07
1.360489997863769531e+02,1.000740000000000000e-07
1.362489998340606689e+02,1.000919999999999939e-07
1.364489998817443848e+02,1.000809999999999947e-07
1.366489999294281006e+02,1.000839999999999981e-07
1.368489997386932373e+02,1.000829999999999969e-07
1.370489997863769531e+02,1.000880000000000026e-07
1.372500000000000000e+02,1.000949999999999973e-07
1.374500000476837158e+02,1.001020000000000053e-07
1.376500000953674316e+02,1.001059999999999966e-07
1.378500001430511475e+02,1.001020000000000053e-07
1.380509998798370361e+02,1.001210000000000003e-07
1.382519998550415039e+02,1.001189999999999981e-07
1.384519999027252197e+02,1.001149999999999935e-07
1.386529998779296875e+02,1.000660000000000041e-07
1.388529999256134033e+02,1.000670000000000053e-07
1.390529997348785400e+02,1.000780000000000045e-07
1.392529997825622559e+02,1.000650000000000030e-07
1.394529998302459717e+02,1.000670000000000053e-07
1.396529998779296875e+02,1.000740000000000000e-07
1.398529999256134033e+02,1.000680000000000064e-07
1.400529997348785400e+02,1.000650000000000030e-07
1.402529997825622559e+02,1.000640000000000019e-07
1.404529998302459717e+02,1.000550000000000049e-07
1.406529998779296875e+02,1.000579999999999951e-07
1.408529999256134033e+02,1.000579999999999951e-07
1.410529997348785400e+02,1.000579999999999951e-07
1.412529997825622559e+02,1.000589999999999962e-07
1.414529998302459717e+02,1.000420000000000034e-07
1.416529998779296875e+02,1.000479999999999970e-07
1.418529999256134033e+02,1.000579999999999951e-07
1.420529997348785400e+02,1.000540000000000038e-07
1.422529997825622559e+02,1.000489999999999981e-07
1.424529998302459717e+02,1.000569999999999939e-07
1.426529998779296875e+02,1.000430000000000045e-07
1.428529999256134033e+02,1.000550000000000049e-07
1.430529997348785400e+02,1.000499999999999992e-07
1.432529997825622559e+02,1.000410000000000023e-07
1.434529998302459717e+02,1.000400000000000011e-07
1.436529998779296875e+02,1.000459999999999947e-07
1.438529999256134033e+02,1.000400000000000011e-07
1.440529997348785400e+02,1.000430000000000045e-07
1.442529997825622559e+02,1.000489999999999981e-07
1.444529998302459717e+02,1.000440000000000057e-07
1.446529998779296875e+02,1.000379999999999989e-07
1.448529999256134033e+02,1.000449999999999936e-07
1.450529997348785400e+02,1.000449999999999936e-07
1.452529997825622559e+02,1.000320000000000053e-07
1.454529998302459717e+02,1.000390000000000000e-07
1.456529998779296875e+02,1.000369999999999977e-07
1.458529999256134033e+02,1.000440000000000057e-07
1.460529997348785400e+02,1.000410000000000023e-07
1.462529997825622559e+02,1.000349999999999955e-07
1.464529998302459717e+02,1.000339999999999943e-07
1.466529998779296875e+02,1.000339999999999943e-07
1.468529999256134033e+02,1.000410000000000023e-07
1.470529997348785400e+02,1.000400000000000011e-07
1.472529997825622559e+02,1.000520000000000015e-07
1.474529998302459717e+02,1.000330000000000064e-07
1.476529998779296875e+02,1.000320000000000053e-07
1.478529999256134033e+02,1.000400000000000011e-07
1.480529997348785400e+02,1.000369999999999977e-07
1.482529997825622559e+02,1.000440000000000057e-07
1.484529998302459717e+02,1.000369999999999977e-07
1.486529998779296875e+02,1.000410000000000023e-07
1.488529999256134033e+02,1.000369999999999977e-07
1.490529997348785400e+02,1.000440000000000057e-07
1.492529997825622559e+02,1.000369999999999977e-07
1.494529998302459717e+02,1.000349999999999955e-07
1.496529998779296875e+02,1.000310000000000042e-07
1.498529999256134033e+02,1.000330000000000064e-07
1.500529997348785400e+02,1.000469999999999958e-07
1.502529997825622559e+02,1.000449999999999936e-07
1.504529998302459717e+02,1.000449999999999936e-07
1.506529998779296875e+02,1.000420000000000034e-07
1.508529999256134033e+02,1.000400000000000011e-07
1.510529997348785400e+02,1.000379999999999989e-07
1.512529997825622559e+02,1.000530000000000026e-07
1.514529998302459717e+02,1.000520000000000015e-07
1.516529998779296875e+02,1.000510000000000004e-07
1.518529999256134033e+02,1.000469999999999958e-07
1.520529997348785400e+02,1.000550000000000049e-07
1.522529997825622559e+02,1.000609999999999985e-07
1.524529998302459717e+02,1.000479999999999970e-07
1.526529998779296875e+02,1.000550000000000049e-07
1.528529999256134033e+02,1.000510000000000004e-07
1.530529997348785400e+02,1.000589999999999962e-07
1.532529997825622559e+02,1.000680000000000064e-07
1.534529998302459717e+02,1.000560000000000060e-07
1.536529998779296875e+02,1.000599999999999973e-07
1.538529999256134033e+02,1.000680000000000064e-07
1.540529997348785400e+02,1.000630000000000007e-07
1.542529997825622559e+02,1.000890000000000037e-07
1.544529998302459717e+02,1.000870000000000015e-07
1.546529998779296875e+02,1.000760000000000022e-07
1.548529999256134033e+02,1.000790000000000056e-07
1.550529997348785400e+02,1.000729999999999988e-07
1.552529997825622559e+02,1.000829999999999969e-07
1.554529998302459717e+02,1.000809999999999947e-07
1.556529998779296875e+02,1.000860000000000003e-07
1.558529999256134033e+02,1.000729999999999988e-07
1.560529997348785400e+02,1.000829999999999969e-07
1.562529997825622559e+02,1.000910000000000060e-07
1.564529998302459717e+02,1.000919999999999939e-07
1.566529998779296875e+02,1.000880000000000026e-07
1.568529999256134033e+02,1.000929999999999951e-07
1.570529997348785400e+02,1.000839999999999981e-07
1.572529997825622559e+02,1.001010000000000041e-07
1.574529998302459717e+02,1.000839999999999981e-07
1.576529998779296875e+02,1.000919999999999939e-07
1.578529999256134033e+02,1.000919999999999939e-07
1.580529997348785400e+02,1.000860000000000003e-07
1.582529997825622559e+02,1.001030000000000064e-07
1.584529998302459717e+02,1.001020000000000053e-07
1.586529998779296875e+02,1.000969999999999996e-07
1.588529999256134033e+02,1.001079999999999988e-07
1.590529997348785400e+02,1.001169999999999958e-07
1.592529997825622559e+02,1.001230000000000026e-07
1.594529998302459717e+02,1.001149999999999935e-07
1.596529998779296875e+02,1.001110000000000022e-07
1.598529999256134033e+02,1.001030000000000064e-07
1.600529997348785400e+02,1.001110000000000022e-07
1.602529997825622559e+02,1.001079999999999988e-07
1.604529998302459717e+02,1.001120000000000034e-07
1.606529998779296875e+02,1.001059999999999966e-07
1.608529999256134033e+02,1.001220000000000015e-07
1.610529997348785400e+02,1.001140000000000056e-07
1.612529997825622559e+02,1.001110000000000022e-07
1.614529998302459717e+02,1.001159999999999947e-07
1.616529998779296875e+02,1.001130000000000045e-07
1.618529999256134033e+02,1.001199999999999992e-07
1.620529997348785400e+02,1.001179999999999969e-07
1.622529997825622559e+02,1.001299999999999973e-07
1.624529998302459717e+02,1.001120000000000034e-07
1.626529998779296875e+02,1.001189999999999981e-07
1.628529999256134033e+02,1.001220000000000015e-07
1.630529997348785400e+02,1.001279999999999950e-07
1.632529997825622559e+02,1.001299999999999973e-07
1.634529998302459717e+02,1.001140000000000056e-07
1.636529998779296875e+02,1.001350000000000030e-07
1.638529999256134033e+02,1.001289999999999962e-07
1.640529997348785400e+02,1.001189999999999981e-07
1.642529997825622559e+02,1.001250000000000049e-07
1.644529998302459717e+02,1.001260000000000060e-07
1.646529998779296875e+02,1.001279999999999950e-07
1.648529999256134033e+02,1.001220000000000015e-07
1.650529997348785400e+02,1.001260000000000060e-07
1.652529997825622559e+02,1.001289999999999962e-07
1.654529998302459717e+02,1.001220000000000015e-07
1.656529998779296875e+02,1.001279999999999950e-07
1.658529999256134033e+02,1.001250000000000049e-07
1.660529997348785400e+02,1.001230000000000026e-07
1.662529997825622559e+02,1.001199999999999992e-07
1.664529998302459717e+02,1.001210000000000003e-07
1.666529998779296875e+02,1.001179999999999969e-07
1.668529999256134033e+02,1.001120000000000034e-07
1.670529997348785400e+02,1.001230000000000026e-07
1.672529997825622559e+02,1.001140000000000056e-07
1.674529998302459717e+02,1.001100000000000011e-07
1.676529998779296875e+02,1.001140000000000056e-07
1.678529999256134033e+02,1.001169999999999958e-07
1.680529997348785400e+02,1.001159999999999947e-07
1.682529997825622559e+02,1.001110000000000022e-07
1.684529998302459717e+02,1.001159999999999947e-07
1.686529998779296875e+02,1.001149999999999935e-07
1.688529999256134033e+02,1.001140000000000056e-07
1.690529997348785400e+02,1.001120000000000034e-07
1.692529997825622559e+02,1.001079999999999988e-07
1.694529998302459717e+02,1.001120000000000034e-07
1.696529998779296875e+02,1.001110000000000022e-07
1.698529999256134033e+02,1.001090000000000000e-07
1.700529997348785400e+02,1.001059999999999966e-07
1.702529997825622559e+02,1.001110000000000022e-07
1.704529998302459717e+02,1.001079999999999988e-07
1.706529998779296875e+02,1.001110000000000022e-07
1.708529999256134033e+02,1.001069999999999977e-07
1.710529997348785400e+02,1.000990000000000019e-07
1.712529997825622559e+02,1.001030000000000064e-07
1.714529998302459717e+02,1.001049999999999954e-07
1.716529998779296875e+02,1.001110000000000022e-07
1.718529999256134033e+02,1.001039999999999943e-07
1.720529997348785400e+02,1.000990000000000019e-07
1.722529997825622559e+02,1.000949999999999973e-07
1.724529998302459717e+02,1.001000000000000030e-07
1.726529998779296875e+02,1.000990000000000019e-07
1.728529999256134033e+02,1.000890000000000037e-07
1.730529997348785400e+02,1.000939999999999962e-07
1.732529997825622559e+02,1.001000000000000030e-07
1.734529998302459717e+02,1.000959999999999985e-07
1.736529998779296875e+02,1.000910000000000060e-07
1.738529999256134033e+02,1.000969999999999996e-07
1.740529997348785400e+02,1.000849999999999992e-07
1.742529997825622559e+02,1.000809999999999947e-07
1.744529998302459717e+02,1.000900000000000049e-07
1.746529998779296875e+02,1.000880000000000026e-07
1.748529999256134033e+02,1.000849999999999992e-07
1.750529997348785400e+02,1.000740000000000000e-07
1.752529997825622559e+02,1.000839999999999981e-07
1.754529998302459717e+02,1.000790000000000056e-07
1.756639997959136963e+02,9.990000000000000120e-08
1.758639998435974121e+02,9.989399999999999439e-08
1.760639998912811279e+02,9.989100000000000423e-08
1.762639999389648438e+02,9.989699999999999780e-08
1.764639999866485596e+02,9.989399999999999439e-08
1.766649999618530273e+02,9.989000000000000309e-08
1.768659999370574951e+02,9.990300000000000460e-08
1.770659999847412109e+02,9.989300000000000649e-08
1.772669999599456787e+02,9.991999999999999741e-08
1.774670000076293945e+02,9.992800000000000648e-08
1.776670000553131104e+02,9.992700000000000534e-08
1.778669998645782471e+02,9.993400000000000005e-08
1.780669999122619629e+02,9.991600000000000610e-08
1.782669999599456787e+02,9.991600000000000610e-08
1.784670000076293945e+02,9.992300000000000081e-08
1.786670000553131104e+02,9.991999999999999741e-08
1.788669998645782471e+02,9.991300000000000270e-08
1.790669999122619629e+02,9.991300000000000270e-08
1.792669999599456787e+02,9.992199999999999967e-08
1.794670000076293945e+02,9.991200000000000157e-08
1.796670000553131104e+02,9.991600000000000610e-08
1.798669998645782471e+02,9.991500000000000497e-08
1.800669999122619629e+02,9.989799999999999893e-08
1.802669999599456787e+02,9.992099999999999854e-08
1.804670000076293945e+02,9.991799999999999514e-08
1.806670000553131104e+02,9.990599999999999477e-08
1.808669998645782471e+02,9.990300000000000460e-08
1.810669999122619629e+02,9.989499999999999553e-08
1.812669999599456787e+02,9.989399999999999439e-08
1.814670000076293945e+02,9.990100000000000233e-08
1.816679999828338623e+02,9.992999999999999551e-08
1.818679997920989990e+02,9.992700000000000534e-08
1.820679998397827148e+02,9.992899999999999438e-08
1.822679998874664307e+02,9.992600000000000421e-08
1.824679999351501465e+02,9.992700000000000534e-08
1.826679999828338623e+02,9.991999999999999741e-08
1.828679997920989990e+02,9.991799999999999514e-08
1.830679998397827148e+02,9.991899999999999627e-08
1.832679998874664307e+02,9.990999999999999930e-08
1.834679999351501465e+02,9.990300000000000460e-08
1.836679999828338623e+02,9.991300000000000270e-08
1.838679997920989990e+02,9.991400000000000384e-08
1.840679998397827148e+02,9.992199999999999967e-08
1.842679998874664307e+02,9.990999999999999930e-08
1.844679999351501465e+02,9.991600000000000610e-08
1.846679999828338623e+02,9.990400000000000573e-08
1.848679997920989990e+02,9.990400000000000573e-08
1.850679998397827148e+02,9.990400000000000573e-08
1.852679998874664307e+02,9.989100000000000423e-08
1.854679999351501465e+02,9.989499999999999553e-08
1.856679999828338623e+02,9.989499999999999553e-08
1.858679997920989990e+02,9.989900000000000006e-08
1.860679998397827148e+02,9.988800000000000082e-08
1.862679998874664307e+02,9.988699999999999969e-08
1.864679999351501465e+02,9.988900000000000196e-08
1.866679999828338623e+02,9.989399999999999439e-08
1.868679997920989990e+02,9.989300000000000649e-08
1.870679998397827148e+02,9.989699999999999780e-08
1.872679998874664307e+02,9.990499999999999363e-08
1.874679999351501465e+02,9.990100000000000233e-08
1.876679999828338623e+02,9.988599999999999856e-08
1.878679997920989990e+02,9.989900000000000006e-08
1.880679998397827148e+02,9.990100000000000233e-08
1.882679998874664307e+02,9.988599999999999856e-08
1.884679999351501465e+02,9.989100000000000423e-08
1.886679999828338623e+02,9.987399999999999818e-08
1.888679997920989990e+02,9.989000000000000309e-08
1.890679998397827148e+02,9.988299999999999516e-08
1.892679998874664307e+02,9.988299999999999516e-08
1.894679999351501465e+02,9.987099999999999478e-08
1.896679999828338623e+02,9.988299999999999516e-08
1.898679997920989990e+02,9.988199999999999402e-08
1.900679998397827148e+02,9.987600000000000045e-08
1.902679998874664307e+02,9.987700000000000159e-08
1.904679999351501465e+02,9.987499999999999932e-08
1.906679999828338623e+02,9.987199999999999592e-08
1.908679997920989990e+02,9.987600000000000045e-08
1.910679998397827148e+02,9.988299999999999516e-08
1.912679998874664307e+02,9.988800000000000082e-08
1.914679999351501465e+02,9.987600000000000045e-08
1.916679999828338623e+02,9.989399999999999439e-08
1.918679997920989990e+02,9.988800000000000082e-08
1.920679998397827148e+02,9.989000000000000309e-08
1.922679998874664307e+02,9.988699999999999969e-08
1.924679999351501465e+02,9.988800000000000082e-08
1.926679999828338623e+02,9.988199999999999402e-08
1.928679997920989990e+02,9.988800000000000082e-08
1.930679998397827148e+02,9.988699999999999969e-08
1.932679998874664307e+02,9.989399999999999439e-08
1.934679999351501465e+02,9.989300000000000649e-08
1.936679999828338623e+02,9.989200000000000536e-08
1.938679997920989990e+02,9.990400000000000573e-08
1.940679998397827148e+02,9.989599999999999666e-08
1.942679998874664307e+02,9.989599999999999666e-08
1.944679999351501465e+02,9.989300000000000649e-08
1.946679999828338623e+02,9.990599999999999477e-08
1.948679997920989990e+02,9.990200000000000346e-08
1.950679998397827148e+02,9.990799999999999703e-08
1.952679998874664307e+02,9.990200000000000346e-08
1.954679999351501465e+02,9.990799999999999703e-08
1.956679999828338623e+02,9.990499999999999363e-08
1.958679997920989990e+02,9.991699999999999400e-08
1.960679998397827148e+02,9.991100000000000044e-08
1.962679998874664307e+02,9.990999999999999930e-08
1.964679999351501465e+02,9.991600000000000610e-08
1.966679999828338623e+02,9.991999999999999741e-08
1.968679997920989990e+02,9.991200000000000157e-08
1.970679998397827148e+02,9.992999999999999551e-08
1.972679998874664307e+02,9.991600000000000610e-08
1.974679999351501465e+02,9.990999999999999930e-08
1.976679999828338623e+02,9.991899999999999627e-08
1.978679997920989990e+02,9.991600000000000610e-08
1.980679998397827148e+02,9.991999999999999741e-08
1.982679998874664307e+02,9.991500000000000497e-08
1.984679999351501465e+02,9.992899999999999438e-08
1.986679999828338623e+02,9.991999999999999741e-08
1.988679997920989990e+02,9.992199999999999967e-08
1.990679998397827148e+02,9.991899999999999627e-08
1.992679998874664307e+02,9.992300000000000081e-08
1.994679999351501465e+02,9.991899999999999627e-08
1.996679999828338623e+02,9.992899999999999438e-08
1.998679997920989990e+02,9.992300000000000081e-08
2.000679998397827148e+02,9.992999999999999551e-08
2.002679998874664307e+02,9.992700000000000534e-08
2.004679999351501465e+02,9.992899999999999438e-08
2.006679999828338623e+02,9.993199999999999778e-08
2.008679997920989990e+02,9.992899999999999438e-08
2.010679998397827148e+02,9.992600000000000421e-08
2.012679998874664307e+02,9.992700000000000534e-08
2.014679999351501465e+02,9.992300000000000081e-08
2.016679999828338623e+02,9.993099999999999664e-08
2.018679997920989990e+02,9.992400000000000194e-08
2.020679998397827148e+02,9.993700000000000345e-08
2.022679998874664307e+02,9.992800000000000648e-08
2.024679999351501465e+02,9.992999999999999551e-08
2.026679999828338623e+02,9.992899999999999438e-08
2.028679997920989990e+02,9.993400000000000005e-08
2.030679998397827148e+02,9.992700000000000534e-08
2.032679998874664307e+02,9.992700000000000534e-08
2.034679999351501465e+02,9.993099999999999664e-08
2.036679999828338623e+02,9.991999999999999741e-08
2.038679997920989990e+02,9.992800000000000648e-08
2.040679998397827148e+02,9.993299999999999891e-08
2.042679998874664307e+02,9.992400000000000194e-08
2.044679999351501465e+02,9.993600000000000231e-08
2.046679999828338623e+02,9.992300000000000081e-08
2.048679997920989990e+02,9.992600000000000421e-08
2.050679998397827148e+02,9.993400000000000005e-08
2.052679998874664307e+02,9.992700000000000534e-08
2.054679999351501465e+02,9.993700000000000345e-08
2.056679999828338623e+02,9.992700000000000534e-08
2.058679997920989990e+02,9.994199999999999588e-08
2.060679998397827148e+02,9.992300000000000081e-08
2.062679998874664307e+02,9.993400000000000005e-08
2.064679999351501465e+02,9.992600000000000421e-08
2.066679999828338623e+02,9.993299999999999891e-08
2.068679997920989990e+02,9.992700000000000534e-08
2.070679998397827148e+02,9.993800000000000458e-08
2.072679998874664307e+02,9.993600000000000231e-08
2.074679999351501465e+02,9.993800000000000458e-08
2.076679999828338623e+02,9.993199999999999778e-08
2.078679997920989990e+02,9.993800000000000458e-08
2.080679998397827148e+02,9.993800000000000458e-08
2.082679998874664307e+02,9.994299999999999702e-08
2.084679999351501465e+02,9.993999999999999361e-08
2.086679999828338623e+02,9.993999999999999361e-08
2.088679997920989990e+02,9.993900000000000572e-08
2.090679998397827148e+02,9.994299999999999702e-08
2.092679998874664307e+02,9.994299999999999702e-08
2.094679999351501465e+02,9.994499999999999928e-08
2.096679999828338623e+02,9.995100000000000609e-08
2.098679997920989990e+02,9.995499999999999739e-08
2.100679998397827148e+02,9.995699999999999966e-08
2.102679998874664307e+02,9.994900000000000382e-08
2.104679999351501465e+02,9.995199999999999399e-08
2.106679999828338623e+02,9.996000000000000306e-08
2.108679997920989990e+02,9.995699999999999966e-08
2.110679998397827148e+02,9.995900000000000192e-08
2.112679998874664307e+02,9.995100000000000609e-08
2.114679999351501465e+02,9.995900000000000192e-08
2.116679999828338623e+02,9.995900000000000192e-08
2.118679997920989990e+02,9.995699999999999966e-08
2.120679998397827148e+02,9.995199999999999399e-08
2.122679998874664307e+02,9.994299999999999702e-08
2.124679999351501465e+02,9.995299999999999512e-08
2.126679999828338623e+02,9.990400000000000573e-08
2.128689999580383301e+02,9.993900000000000572e-08
2.130699999332427979e+02,9.992400000000000194e-08
2.132709999084472656e+02,9.991799999999999514e-08
2.134709999561309814e+02,9.991999999999999741e-08
2.136710000038146973e+02,9.991799999999999514e-08
2.138719999790191650e+02,9.990300000000000460e-08
2.140719997882843018e+02,9.990200000000000346e-08
2.142729997634887695e+02,9.987900000000000385e-08
2.144729998111724854e+02,9.987900000000000385e-08
2.146729998588562012e+02,9.987700000000000159e-08
2.148729999065399170e+02,9.988100000000000612e-08
2.150729999542236328e+02,9.989100000000000423e-08
2.152739999294281006e+02,9.989100000000000423e-08
2.154749999046325684e+02,9.991999999999999741e-08
2.156749999523162842e+02,9.991300000000000270e-08
2.158750000000000000e+02,9.991699999999999400e-08
2.160750000476837158e+02,9.992400000000000194e-08
2.162749998569488525e+02,9.991200000000000157e-08
2.164749999046325684e+02,9.991400000000000384e-08
2.166749999523162842e+02,9.991300000000000270e-08
2.168750000000000000e+02,9.990999999999999930e-08
2.170750000476837158e+02,9.992300000000000081e-08
2.172760000228881836e+02,9.997499999999999360e-08
2.174769997596740723e+02,1.000129999999999970e-07
2.176769998073577881e+02,9.999800000000000644e-08
2.178769998550415039e+02,1.000070000000000034e-07
2.180769999027252197e+02,1.000070000000000034e-07
2.182769999504089355e+02,1.000139999999999981e-07
2.184769997596740723e+02,1.000009999999999966e-07
2.186769998073577881e+02,1.000170000000000015e-07
2.188769998550415039e+02,1.000109999999999947e-07
2.190769999027252197e+02,1.000190000000000038e-07
2.192769999504089355e+02,1.000170000000000015e-07
2.194769997596740723e+02,1.000190000000000038e-07
2.196769998073577881e+02,1.000070000000000034e-07
2.198769998550415039e+02,1.000119999999999958e-07
2.200769999027252197e+02,1.000320000000000053e-07
2.202769999504089355e+02,1.000160000000000004e-07
2.204769997596740723e+02,1.000249999999999974e-07
2.206769998073577881e+02,1.000160000000000004e-07
2.208769998550415039e+02,1.000310000000000042e-07
2.210769999027252197e+02,1.000280000000000008e-07
2.212769999504089355e+02,1.000269999999999996e-07
2.214769997596740723e+02,1.000229999999999951e-07
2.216769998073577881e+02,1.000210000000000061e-07
2.218769998550415039e+02,1.000239999999999962e-07
2.220769999027252197e+02,1.000400000000000011e-07
2.222769999504089355e+02,1.000339999999999943e-07
2.224779999256134033e+02,1.000670000000000053e-07
2.226779999732971191e+02,1.000569999999999939e-07
2.228780000209808350e+02,1.000680000000000064e-07
2.230780000686645508e+02,1.000660000000000041e-07
2.232780001163482666e+02,1.000650000000000030e-07
2.234779999256134033e+02,1.000689999999999943e-07
2.236779999732971191e+02,1.000719999999999977e-07
2.238780000209808350e+02,1.000640000000000019e-07
2.240780000686645508e+02,1.000650000000000030e-07
2.242790000438690186e+02,1.000740000000000000e-07
2.244800000190734863e+02,1.000860000000000003e-07
2.246809997558593750e+02,1.001189999999999981e-07
2.248809998035430908e+02,1.001189999999999981e-07
2.250809998512268066e+02,1.001120000000000034e-07
2.252809998989105225e+02,1.001169999999999958e-07
2.254809999465942383e+02,1.001120000000000034e-07
2.256819999217987061e+02,1.001079999999999988e-07
2.258819999694824219e+02,1.001120000000000034e-07
2.260820000171661377e+02,1.000949999999999973e-07
2.262829999923706055e+02,1.000540000000000038e-07
2.264839999675750732e+02,1.000050000000000011e-07
2.266849999427795410e+02,9.997799999999999700e-08
2.268859999179840088e+02,9.994199999999999588e-08
2.270859999656677246e+02,9.993999999999999361e-08
2.272860000133514404e+02,9.993199999999999778e-08
2.274869999885559082e+02,9.993500000000000118e-08
2.276870000362396240e+02,9.993299999999999891e-08
2.278880000114440918e+02,9.992099999999999854e-08
2.280889997482299805e+02,9.989900000000000006e-08
2.282889997959136963e+02,9.990100000000000233e-08
2.284889998435974121e+02,9.989799999999999893e-08
2.286889998912811279e+02,9.989799999999999893e-08
2.288889999389648438e+02,9.990200000000000346e-08
2.290900001525878906e+02,9.987099999999999478e-08
2.292909998893737793e+02,9.990499999999999363e-08
2.294919998645782471e+02,9.996200000000000533e-08
2.296929998397827148e+02,1.000009999999999966e-07
2.298929998874664307e+02,9.998799999999999510e-08
2.300929999351501465e+02,1.000139999999999981e-07
2.302929997444152832e+02,1.000019999999999977e-07
2.304929997920989990e+02,1.000060000000000023e-07
2.306929998397827148e+02,9.999999999999999547e-08
2.308929998874664307e+02,1.000090000000000057e-07
2.310929999351501465e+02,1.000099999999999936e-07
2.312940001487731934e+02,1.000459999999999947e-07
2.314949998855590820e+02,1.000589999999999962e-07
2.316949999332427979e+02,1.000689999999999943e-07
2.318949999809265137e+02,1.000660000000000041e-07
2.320959999561309814e+02,1.000740000000000000e-07
2.322969999313354492e+02,1.000809999999999947e-07
2.324969997406005859e+02,1.000799999999999935e-07
2.326969997882843018e+02,1.000780000000000045e-07
2.328969998359680176e+02,1.000900000000000049e-07
2.330969998836517334e+02,1.000919999999999939e-07
2.332969999313354492e+02,1.000919999999999939e-07
2.334969997406005859e+02,1.000880000000000026e-07
2.336969997882843018e+02,1.000910000000000060e-07
2.338969998359680176e+02,1.000839999999999981e-07
2.340969998836517334e+02,1.000910000000000060e-07
2.342969999313354492e+02,1.000910000000000060e-07
2.344980001449584961e+02,1.001090000000000000e-07
2.346989998817443848e+02,1.001309999999999984e-07
2.348989999294281006e+02,1.001030000000000064e-07
2.350989999771118164e+02,1.000990000000000019e-07
2.352999999523162842e+02,1.000770000000000034e-07
2.355000000000000000e+02,1.000770000000000034e-07
2.357009997367858887e+02,1.000440000000000057e-07
2.359009997844696045e+02,1.000290000000000019e-07
2.361009998321533203e+02,1.000280000000000008e-07
2.363009998798370361e+02,1.000219999999999940e-07
2.365009999275207520e+02,1.000290000000000019e-07
2.367009997367858887e+02,1.000190000000000038e-07
2.369009997844696045e+02,1.000009999999999966e-07
2.371009998321533203e+02,1.000090000000000057e-07
2.373009998798370361e+02,1.000129999999999970e-07
2.375009999275207520e+02,1.000170000000000015e-07
2.377009997367858887e+02,1.000080000000000045e-07
2.379009997844696045e+02,1.000040000000000000e-07
2.381009998321533203e+02,1.000060000000000023e-07
2.383009998798370361e+02,1.000080000000000045e-07
2.385009999275207520e+02,1.000129999999999970e-07
2.387009997367858887e+02,1.000090000000000057e-07
2.389009997844696045e+02,9.999800000000000644e-08
2.391009998321533203e+02,9.998899999999999624e-08
2.393009998798370361e+02,9.999800000000000644e-08
2.395009999275207520e+02,1.000029999999999989e-07
2.397009997367858887e+02,1.000129999999999970e-07
2.399009997844696045e+02,1.000190000000000038e-07
2.401009998321533203e+02,1.000109999999999947e-07
2.403009998798370361e+02,1.000160000000000004e-07
2.405009999275207520e+02,9.999999999999999547e-08
2.407009997367858887e+02,9.999600000000000417e-08
2.409009997844696045e+02,9.999899999999999434e-08
2.411009998321533203e+02,9.999999999999999547e-08
2.413009998798370361e+02,1.000080000000000045e-07
2.415009999275207520e+02,1.000119999999999958e-07
2.417009997367858887e+02,1.000050000000000011e-07
2.419009997844696045e+02,9.999700000000000531e-08
2.421009998321533203e+02,9.999600000000000417e-08
2.423009998798370361e+02,1.000099999999999936e-07
2.425009999275207520e+02,9.999899999999999434e-08
2.427009997367858887e+02,1.000090000000000057e-07
2.429009997844696045e+02,9.999899999999999434e-08
2.431009998321533203e+02,1.000090000000000057e-07
2.433009998798370361e+02,1.000060000000000023e-07
2.435009999275207520e+02,1.000269999999999996e-07
2.437009997367858887e+02,1.000229999999999951e-07
2.439009997844696045e+02,1.000129999999999970e-07
2.441009998321533203e+02,1.000040000000000000e-07
2.443009998798370361e+02,1.000180000000000027e-07
2.445009999275207520e+02,1.000119999999999958e-07
2.447009997367858887e+02,1.000160000000000004e-07
2.449009997844696045e+02,1.000359999999999966e-07
2.451009998321533203e+02,1.000149999999999992e-07
2.453009998798370361e+02,1.000300000000000030e-07
2.455009999275207520e+02,1.000320000000000053e-07
2.457009997367858887e+02,1.000269999999999996e-07
2.459009997844696045e+02,1.000280000000000008e-07
2.461009998321533203e+02,1.000339999999999943e-07
2.463009998798370361e+02,1.000400000000000011e-07
2.465009999275207520e+02,1.000520000000000015e-07
2.467009997367858887e+02,1.000479999999999970e-07
2.469009997844696045e+02,1.000469999999999958e-07
2.471009998321533203e+02,1.000430000000000045e-07
2.473009998798370361e+02,1.000459999999999947e-07
2.475009999275207520e+02,1.000410000000000023e-07
2.477009997367858887e+02,1.000510000000000004e-07
2.479009997844696045e+02,1.000520000000000015e-07
2.481009998321533203e+02,1.000440000000000057e-07
2.483009998798370361e+02,1.000510000000000004e-07
2.485009999275207520e+02,1.000680000000000064e-07
2.487009997367858887e+02,1.000499999999999992e-07
2.489009997844696045e+02,1.000770000000000034e-07
2.491009998321533203e+02,1.000709999999999966e-07
2.493009998798370361e+02,1.000740000000000000e-07
2.495009999275207520e+02,1.000760000000000022e-07
2.497009997367858887e+02,1.000809999999999947e-07
2.499009997844696045e+02,1.000849999999999992e-07
2.501009998321533203e+02,1.000829999999999969e-07
2.503009998798370361e+02,1.000919999999999939e-07
2.505009999275207520e+02,1.000770000000000034e-07
2.507009997367858887e+02,1.000750000000000011e-07
2.509009997844696045e+02,1.000880000000000026e-07
2.511009998321533203e+02,1.000980000000000007e-07
2.513009998798370361e+02,1.000980000000000007e-07
2.515009999275207520e+02,1.001039999999999943e-07
2.517009997367858887e+02,1.000990000000000019e-07
2.519009997844696045e+02,1.001020000000000053e-07
2.521009998321533203e+02,1.000990000000000019e-07
2.523009998798370361e+02,1.001140000000000056e-07
2.525009999275207520e+02,1.001020000000000053e-07
2.527009997367858887e+02,1.001079999999999988e-07
2.529009997844696045e+02,1.001069999999999977e-07
2.531009998321533203e+02,1.001140000000000056e-07
2.533009998798370361e+02,1.001159999999999947e-07
2.535009999275207520e+02,1.001149999999999935e-07
2.537009997367858887e+02,1.001069999999999977e-07
2.539009997844696045e+02,1.001289999999999962e-07
2.541009998321533203e+02,1.001059999999999966e-07
2.543009998798370361e+02,1.001240000000000037e-07
2.545009999275207520e+02,1.001149999999999935e-07
2.547009997367858887e+02,1.001230000000000026e-07
2.549009997844696045e+02,1.001279999999999950e-07
2.551009998321533203e+02,1.001289999999999962e-07
2.553009998798370361e+02,1.001319999999999996e-07
2.555009999275207520e+02,1.001289999999999962e-07
2.557009997367858887e+02,1.001299999999999973e-07
2.559009997844696045e+02,1.001350000000000030e-07
2.561009998321533203e+02,1.001149999999999935e-07
2.563009998798370361e+02,1.001169999999999958e-07
2.565009999275207520e+02,1.001090000000000000e-07
2.567009997367858887e+02,1.001169999999999958e-07
2.569009997844696045e+02,1.001090000000000000e-07
2.571009998321533203e+02,1.001199999999999992e-07
2.573009998798370361e+02,1.001100000000000011e-07
2.575009999275207520e+02,1.001189999999999981e-07
2.577009997367858887e+02,1.001110000000000022e-07
2.579019999504089355e+02,1.001250000000000049e-07
2.581029999256134033e+02,1.001030000000000064e-07
2.583029999732971191e+02,1.001020000000000053e-07
2.585030000209808350e+02,1.001079999999999988e-07
2.587039999961853027e+02,1.000660000000000041e-07
2.589049997329711914e+02,1.000080000000000045e-07
2.591049997806549072e+02,1.000180000000000027e-07
2.593049998283386230e+02,1.000239999999999962e-07
2.595049998760223389e+02,1.000229999999999951e-07
2.597049999237060547e+02,1.000420000000000034e-07
2.599049997329711914e+02,1.000349999999999955e-07
2.601049997806549072e+02,1.000440000000000057e-07
2.603049998283386230e+02,1.000530000000000026e-07
2.605049998760223389e+02,1.000569999999999939e-07
2.607049999237060547e+02,1.000560000000000060e-07
2.609049997329711914e+02,1.000689999999999943e-07
2.611049997806549072e+02,1.000709999999999966e-07
2.613049998283386230e+02,1.000770000000000034e-07
2.615049998760223389e+02,1.000780000000000045e-07
2.617049999237060547e+02,1.000929999999999951e-07
2.619049997329711914e+02,1.000939999999999962e-07
2.621049997806549072e+02,1.000740000000000000e-07
2.623049998283386230e+02,1.000990000000000019e-07
2.625049998760223389e+02,1.001059999999999966e-07
2.627049999237060547e+02,1.000969999999999996e-07
2.629049997329711914e+02,1.001140000000000056e-07
2.631049997806549072e+02,1.001030000000000064e-07
2.633049998283386230e+02,1.001189999999999981e-07
2.635049998760223389e+02,1.000980000000000007e-07
2.637049999237060547e+02,1.001059999999999966e-07
2.639049997329711914e+02,1.001079999999999988e-07
2.641049997806549072e+02,1.001199999999999992e-07
2.643049998283386230e+02,1.001210000000000003e-07
2.645049998760223389e+02,1.001189999999999981e-07
2.647049999237060547e+02,1.001319999999999996e-07
2.649049997329711914e+02,1.001269999999999939e-07
2.651049997806549072e+02,1.001289999999999962e-07
2.653049998283386230e+02,1.001140000000000056e-07
2.655049998760223389e+02,1.001100000000000011e-07
2.657049999237060547e+02,1.001169999999999958e-07
2.659049997329711914e+02,1.001220000000000015e-07
2.661049997806549072e+02,1.001149999999999935e-07
2.663049998283386230e+02,1.001120000000000034e-07
2.665049998760223389e+02,1.001169999999999958e-07
2.667049999237060547e+02,1.001100000000000011e-07
2.669049997329711914e+02,1.001039999999999943e-07
2.671049997806549072e+02,1.001020000000000053e-07
2.673049998283386230e+02,1.000990000000000019e-07
2.675049998760223389e+02,1.001030000000000064e-07
2.677049999237060547e+02,1.000949999999999973e-07
2.679049997329711914e+02,1.000929999999999951e-07
2.681049997806549072e+02,1.000949999999999973e-07
2.683049998283386230e+02,1.000929999999999951e-07
2.685049998760223389e+02,1.000870000000000015e-07
2.687049999237060547e+02,1.000880000000000026e-07
2.689049997329711914e+02,1.000799999999999935e-07
2.691049997806549072e+02,1.000760000000000022e-07
2.693049998283386230e+02,1.000839999999999981e-07
2.695049998760223389e+02,1.000860000000000003e-07
2.697049999237060547e+02,1.000819999999999958e-07
2.699049997329711914e+02,1.000780000000000045e-07
2.701049997806549072e+02,1.000780000000000045e-07
2.703049998283386230e+02,1.000809999999999947e-07
2.705049998760223389e+02,1.000740000000000000e-07
2.707049999237060547e+02,1.000760000000000022e-07
2.709049997329711914e+02,1.000729999999999988e-07
2.711049997806549072e+02,1.000689999999999943e-07
2.713049998283386230e+02,1.000709999999999966e-07
2.715049998760223389e+02,1.000740000000000000e-07
2.717049999237060547e+02,1.000790000000000056e-07
2.719049997329711914e+02,1.000680000000000064e-07
2.721049997806549072e+02,1.000760000000000022e-07
2.723049998283386230e+02,1.000670000000000053e-07
2.725049998760223389e+02,1.000699999999999954e-07
2.727049999237060547e+02,1.000520000000000015e-07
2.729049997329711914e+02,1.000630000000000007e-07
2.731049997806549072e+02,1.000599999999999973e-07
2.733049998283386230e+02,1.000680000000000064e-07
2.735049998760223389e+02,1.000709999999999966e-07
2.737049999237060547e+02,1.000670000000000053e-07
2.739049997329711914e+02,1.000650000000000030e-07
2.741049997806549072e+02,1.000619999999999996e-07
2.743049998283386230e+02,1.000640000000000019e-07
2.745049998760223389e+02,1.000670000000000053e-07
2.747049999237060547e+02,1.000599999999999973e-07
2.749049997329711914e+02,1.000540000000000038e-07
2.751049997806549072e+02,1.000540000000000038e-07
2.753049998283386230e+02,1.000550000000000049e-07
2.755049998760223389e+02,1.000420000000000034e-07
2.757049999237060547e+02,1.000489999999999981e-07
2.759049997329711914e+02,1.000530000000000026e-07
2.761049997806549072e+02,1.000489999999999981e-07
2.763049998283386230e+02,1.000420000000000034e-07
2.765049998760223389e+02,1.000449999999999936e-07
2.767049999237060547e+02,1.000349999999999955e-07
2.769049997329711914e+02,1.000339999999999943e-07
2.771049997806549072e+02,1.000379999999999989e-07
2.773049998283386230e+02,1.000330000000000064e-07
2.775049998760223389e+02,1.000269999999999996e-07
2.777049999237060547e+02,1.000269999999999996e-07
2.779049997329711914e+02,1.000310000000000042e-07
2.781049997806549072e+02,1.000219999999999940e-07
2.783049998283386230e+02,1.000170000000000015e-07
2.785049998760223389e+02,1.000149999999999992e-07
2.787049999237060547e+02,1.000080000000000045e-07
2.789049997329711914e+02,1.000050000000000011e-07
2.791049997806549072e+02,1.000029999999999989e-07
2.793049998283386230e+02,1.000040000000000000e-07
2.795049998760223389e+02,1.000080000000000045e-07
2.797049999237060547e+02,1.000050000000000011e-07
2.799049997329711914e+02,9.999899999999999434e-08
2.801049997806549072e+02,9.999300000000000077e-08
2.803049998283386230e+02,9.999800000000000644e-08
2.805049998760223389e+02,9.999300000000000077e-08
2.807049999237060547e+02,9.998799999999999510e-08
2.809049997329711914e+02,9.997300000000000456e-08
2.811049997806549072e+02,9.999400000000000191e-08
2.813049998283386230e+02,9.997100000000000230e-08
2.815049998760223389e+02,9.997000000000000116e-08
2.817049999237060547e+02,9.995599999999999852e-08
2.819049997329711914e+02,9.996000000000000306e-08
2.821049997806549072e+02,9.995800000000000079e-08
2.823049998283386230e+02,9.995100000000000609e-08
2.825049998760223389e+02,9.995199999999999399e-08
2.827049999237060547e+02,9.995900000000000192e-08
2.829049997329711914e+02,9.994299999999999702e-08
2.831049997806549072e+02,9.994299999999999702e-08
2.833049998283386230e+02,9.992700000000000534e-08
2.835049998760223389e+02,9.992400000000000194e-08
2.837049999237060547e+02,9.991999999999999741e-08
2.839060001373291016e+02,9.996599999999999663e-08
2.841069998741149902e+02,1.000060000000000023e-07
2.843069999217987061e+02,1.000090000000000057e-07
2.845069999694824219e+02,1.000090000000000057e-07
2.847079999446868896e+02,1.000310000000000042e-07
2.849079999923706055e+02,1.000300000000000030e-07
2.851079998016357422e+02,1.000119999999999958e-07
2.853079998493194580e+02,1.000200000000000049e-07
2.855079998970031738e+02,1.000149999999999992e-07
2.857079999446868896e+02,1.000139999999999981e-07
2.859079999923706055e+02,1.000099999999999936e-07
2.861079998016357422e+02,1.000119999999999958e-07
2.863079998493194580e+02,1.000060000000000023e-07
2.865079998970031738e+02,1.000040000000000000e-07
2.867079999446868896e+02,1.000019999999999977e-07
2.869079999923706055e+02,9.999700000000000531e-08
2.871079998016357422e+02,9.999500000000000304e-08
2.873079998493194580e+02,9.998899999999999624e-08
2.875079998970031738e+02,9.998500000000000494e-08
2.877079999446868896e+02,9.997999999999999927e-08
2.879089999198913574e+02,9.999899999999999434e-08
2.881089997291564941e+02,1.000070000000000034e-07
2.883089997768402100e+02,1.000019999999999977e-07
2.885089998245239258e+02,9.999899999999999434e-08
2.887089998722076416e+02,9.999099999999999850e-08
2.889089999198913574e+02,9.998200000000000153e-08
2.891089997291564941e+02,9.997499999999999360e-08
2.893089997768402100e+02,9.997100000000000230e-08
2.895089998245239258e+02,9.996399999999999436e-08
2.897089998722076416e+02,9.995699999999999966e-08
2.899089999198913574e+02,9.996200000000000533e-08
2.901089997291564941e+02,9.995699999999999966e-08
2.903089997768402100e+02,9.994499999999999928e-08
2.905089998245239258e+02,9.995499999999999739e-08
2.907089998722076416e+02,9.995599999999999852e-08
2.909089999198913574e+02,9.992300000000000081e-08
2.911089997291564941e+02,9.992400000000000194e-08
2.913089997768402100e+02,9.992300000000000081e-08
2.915089998245239258e+02,9.992500000000000308e-08
2.917089998722076416e+02,9.991999999999999741e-08
2.919089999198913574e+02,9.991500000000000497e-08
2.921089997291564941e+02,9.990799999999999703e-08
2.923089997768402100e+02,9.990599999999999477e-08
2.925089998245239258e+02,9.989000000000000309e-08
2.927089998722076416e+02,9.990200000000000346e-08
2.929089999198913574e+02,9.989000000000000309e-08
2.931089997291564941e+02,9.989100000000000423e-08
2.933089997768402100e+02,9.988599999999999856e-08
2.935089998245239258e+02,9.988199999999999402e-08
2.937089998722076416e+02,9.988399999999999629e-08
2.939089999198913574e+02,9.987499999999999932e-08
2.941089997291564941e+02,9.988100000000000612e-08
2.943089997768402100e+02,9.987900000000000385e-08
2.945089998245239258e+02,9.987900000000000385e-08
2.947089998722076416e+02,9.986800000000000462e-08
2.949089999198913574e+02,9.987800000000000272e-08
2.951089997291564941e+02,9.988199999999999402e-08
2.953089997768402100e+02,9.988299999999999516e-08
2.955089998245239258e+02,9.988100000000000612e-08
2.957089998722076416e+02,9.988100000000000612e-08
2.959089999198913574e+02,9.988499999999999742e-08
2.961089997291564941e+02,9.988299999999999516e-08
2.963089997768402100e+02,9.989200000000000536e-08
2.965089998245239258e+02,9.988900000000000196e-08
2.967089998722076416e+02,9.989000000000000309e-08
2.969089999198913574e+02,9.989799999999999893e-08
2.971089997291564941e+02,9.989399999999999439e-08
2.973089997768402100e+02,9.990000000000000120e-08
2.975089998245239258e+02,9.990499999999999363e-08
2.977089998722076416e+02,9.989799999999999893e-08
2.979089999198913574e+02,9.990499999999999363e-08
2.981089997291564941e+02,9.989399999999999439e-08
2.983089997768402100e+02,9.990699999999999590e-08
2.985089998245239258e+02,9.990400000000000573e-08
2.987089998722076416e+02,9.990899999999999817e-08
2.989089999198913574e+02,9.991100000000000044e-08
2.991089997291564941e+02,9.990999999999999930e-08
2.993089997768402100e+02,9.990699999999999590e-08
2.995089998245239258e+02,9.991400000000000384e-08
2.997089998722076416e+02,9.991300000000000270e-08
2.999089999198913574e+02,9.991699999999999400e-08
