0.000000000000000000e+00,9.999899999999999765e-09
9.999990463256835938e-02,9.999899999999999765e-09
2.000000476837158203e-01,9.999899999999999765e-09
2.999999523162841797e-01,1.000000000000000021e-08
3.999998569488525391e-01,9.999899999999999765e-09
5.000000000000000000e-01,9.999899999999999765e-09
5.999999046325683594e-01,9.999899999999999765e-09
7.000000476837158203e-01,1.000000000000000021e-08
7.999999523162841797e-01,1.000000000000000021e-08
8.999998569488525391e-01,1.000000000000000021e-08
1.000000000000000000e+00,9.999899999999999765e-09
1.099999904632568359e+00,9.999899999999999765e-09
1.200000047683715820e+00,1.000000000000000021e-08
1.299999952316284180e+00,1.000000000000000021e-08
1.399999856948852539e+00,1.000000000000000021e-08
1.500000000000000000e+00,1.000000000000000021e-08
1.599999904632568359e+00,9.999899999999999765e-09
1.700000047683715820e+00,9.999899999999999765e-09
1.799999952316284180e+00,9.999899999999999765e-09
1.899999856948852539e+00,1.000000000000000021e-08
2.000000000000000000e+00,9.999899999999999765e-09
2.099999904632568359e+00,9.999899999999999765e-09
2.200000047683715820e+00,9.999899999999999765e-09
2.299999952316284180e+00,9.999899999999999765e-09
2.399999856948852539e+00,9.999899999999999765e-09
2.500000000000000000e+00,9.999899999999999765e-09
2.599999904632568359e+00,9.999899999999999765e-09
2.700000047683715820e+00,9.999899999999999765e-09
2.799999952316284180e+00,9.999899999999999765e-09
2.899999856948852539e+00,9.999899999999999765e-09
3.000000000000000000e+00,9.999899999999999765e-09
3.099999904632568359e+00,9.999899999999999765e-09
3.200000047683715820e+00,9.999899999999999765e-09
3.299999952316284180e+00,1.000000000000000021e-08
3.399999856948852539e+00,1.000000000000000021e-08
3.500000000000000000e+00,9.999899999999999765e-09
3.599999904632568359e+00,1.000000000000000021e-08
3.700000047683715820e+00,1.000000000000000021e-08
3.799999952316284180e+00,1.000000000000000021e-08
3.899999856948852539e+00,9.999899999999999765e-09
4.000000000000000000e+00,9.999899999999999765e-09
4.099999904632568359e+00,9.999899999999999765e-09
4.200000047683715820e+00,9.999899999999999765e-09
4.299999952316284180e+00,9.999899999999999765e-09
4.399999856948852539e+00,1.000000000000000021e-08
4.500000000000000000e+00,9.999899999999999765e-09
4.599999904632568359e+00,1.000000000000000021e-08
4.700000047683715820e+00,1.000000000000000021e-08
4.799999952316284180e+00,1.000000000000000021e-08
4.899999856948852539e+00,1.000000000000000021e-08
5.000000000000000000e+00,9.999899999999999765e-09
5.099999904632568359e+00,9.999899999999999765e-09
5.200000047683715820e+00,1.000000000000000021e-08
5.299999952316284180e+00,9.999899999999999765e-09
5.399999856948852539e+00,9.999899999999999765e-09
5.500000000000000000e+00,9.999899999999999765e-09
5.599999904632568359e+00,9.999899999999999765e-09
5.700000047683715820e+00,9.999899999999999765e-09
5.799999952316284180e+00,9.999899999999999765e-09
5.899999856948852539e+00,9.999899999999999765e-09
6.000000000000000000e+00,9.999899999999999765e-09
6.099999904632568359e+00,9.999899999999999765e-09
6.200000047683715820e+00,9.999899999999999765e-09
6.299999952316284180e+00,1.000000000000000021e-08
6.399999856948852539e+00,9.999899999999999765e-09
6.500000000000000000e+00,9.999899999999999765e-09
6.599999904632568359e+00,9.999899999999999765e-09
6.700000047683715820e+00,9.999899999999999765e-09
6.799999952316284180e+00,1.000000000000000021e-08
6.899999856948852539e+00,1.000000000000000021e-08
7.000000000000000000e+00,9.999899999999999765e-09
7.099999904632568359e+00,1.000000000000000021e-08
7.201000213623046875e+00,1.000000000000000021e-08
7.302000045776367188e+00,1.000000000000000021e-08
7.401999950408935547e+00,1.000000000000000021e-08
7.502000093460083008e+00,1.000000000000000021e-08
7.602999925613403320e+00,9.999899999999999765e-09
7.703000068664550781e+00,9.999899999999999765e-09
7.803999900817871094e+00,9.999899999999999765e-09
7.904000043869018555e+00,1.000000000000000021e-08
8.003999948501586914e+00,1.000000000000000021e-08
8.103999853134155273e+00,9.999899999999999765e-09
8.203999996185302734e+00,1.000000000000000021e-08
8.303999900817871094e+00,1.000000000000000021e-08
8.404000043869018555e+00,1.000000000000000021e-08
8.503999948501586914e+00,9.999899999999999765e-09
8.603999853134155273e+00,9.999899999999999765e-09
8.703999996185302734e+00,9.999899999999999765e-09
8.805000066757202148e+00,9.999899999999999765e-09
8.906000137329101562e+00,9.999899999999999765e-09
9.006999969482421875e+00,9.999899999999999765e-09
9.107000112533569336e+00,1.000000000000000021e-08
9.207999944686889648e+00,9.999899999999999765e-09
9.307999849319458008e+00,9.999899999999999765e-09
9.407999992370605469e+00,1.000000000000000021e-08
9.507999897003173828e+00,9.999899999999999765e-09
9.608000040054321289e+00,9.999899999999999765e-09
9.707999944686889648e+00,1.000000000000000021e-08
9.807999849319458008e+00,9.999899999999999765e-09
9.907999992370605469e+00,1.000000000000000021e-08
1.000799989700317383e+01,9.999899999999999765e-09
1.010800004005432129e+01,9.999899999999999765e-09
1.020799994468688965e+01,1.000000000000000021e-08
1.030799984931945801e+01,9.999899999999999765e-09
1.040799999237060547e+01,9.999899999999999765e-09
1.050799989700317383e+01,1.000000000000000021e-08
1.060800004005432129e+01,9.999899999999999765e-09
1.070799994468688965e+01,9.999899999999999765e-09
1.080799984931945801e+01,9.999899999999999765e-09
1.090799999237060547e+01,1.000000000000000021e-08
1.100799989700317383e+01,9.999899999999999765e-09
1.110800004005432129e+01,9.999899999999999765e-09
1.120799994468688965e+01,9.999899999999999765e-09
1.130799984931945801e+01,1.000000000000000021e-08
1.140799999237060547e+01,1.000000000000000021e-08
1.150799989700317383e+01,9.999899999999999765e-09
1.160800004005432129e+01,1.000000000000000021e-08
1.170799994468688965e+01,1.000000000000000021e-08
1.180799984931945801e+01,1.000000000000000021e-08
1.190799999237060547e+01,1.000000000000000021e-08
1.200799989700317383e+01,9.999899999999999765e-09
1.210800004005432129e+01,9.999899999999999765e-09
1.220799994468688965e+01,9.999899999999999765e-09
1.230799984931945801e+01,1.000000000000000021e-08
1.240799999237060547e+01,9.999899999999999765e-09
1.250799989700317383e+01,9.999899999999999765e-09
1.260800004005432129e+01,9.999899999999999765e-09
1.270799994468688965e+01,9.999899999999999765e-09
1.280799984931945801e+01,1.000000000000000021e-08
1.290799999237060547e+01,9.999899999999999765e-09
1.300799989700317383e+01,1.000000000000000021e-08
1.310800004005432129e+01,9.999899999999999765e-09
1.320799994468688965e+01,1.000000000000000021e-08
1.330799984931945801e+01,9.999899999999999765e-09
1.340799999237060547e+01,1.000000000000000021e-08
1.350799989700317383e+01,1.000000000000000021e-08
1.360800004005432129e+01,1.000000000000000021e-08
1.370900011062622070e+01,1.000000000000000021e-08
1.380900001525878906e+01,9.999899999999999765e-09
1.390900015830993652e+01,1.000000000000000021e-08
1.400999999046325684e+01,9.999899999999999765e-09
1.411000013351440430e+01,9.999899999999999765e-09
1.421099996566772461e+01,1.000000000000000021e-08
1.431100010871887207e+01,9.999899999999999765e-09
1.441199994087219238e+01,9.999899999999999765e-09
1.451199984550476074e+01,9.999899999999999765e-09
1.461199998855590820e+01,9.999899999999999765e-09
1.471199989318847656e+01,1.000000000000000021e-08
1.481200003623962402e+01,9.999899999999999765e-09
1.491199994087219238e+01,9.999899999999999765e-09
1.501199984550476074e+01,9.999899999999999765e-09
1.511199998855590820e+01,9.999899999999999765e-09
1.521199989318847656e+01,9.999899999999999765e-09
1.531200003623962402e+01,9.999899999999999765e-09
1.541199994087219238e+01,9.999899999999999765e-09
1.551199984550476074e+01,9.999899999999999765e-09
1.561199998855590820e+01,9.999899999999999765e-09
1.571199989318847656e+01,9.999899999999999765e-09
1.581200003623962402e+01,9.999899999999999765e-09
1.591199994087219238e+01,9.999899999999999765e-09
1.601199984550476074e+01,1.000000000000000021e-08
1.611199998855590820e+01,9.999899999999999765e-09
1.621199989318847656e+01,9.999899999999999765e-09
1.631200003623962402e+01,9.999899999999999765e-09
1.641199994087219238e+01,9.999899999999999765e-09
1.651199984550476074e+01,1.000000000000000021e-08
1.661199998855590820e+01,9.999899999999999765e-09
1.671199989318847656e+01,1.000000000000000021e-08
1.681200003623962402e+01,1.000000000000000021e-08
1.691199994087219238e+01,1.000000000000000021e-08
1.701199984550476074e+01,1.000000000000000021e-08
1.711199998855590820e+01,9.999899999999999765e-09
1.721199989318847656e+01,9.999899999999999765e-09
1.731200003623962402e+01,9.999899999999999765e-09
1.741199994087219238e+01,1.000000000000000021e-08
1.751199984550476074e+01,9.999899999999999765e-09
1.761199998855590820e+01,9.999899999999999765e-09
1.771199989318847656e+01,1.000000000000000021e-08
1.781200003623962402e+01,9.999899999999999765e-09
1.791199994087219238e+01,9.999899999999999765e-09
1.801199984550476074e+01,9.999899999999999765e-09
1.811199998855590820e+01,1.000000000000000021e-08
1.821199989318847656e+01,1.000000000000000021e-08
1.831200003623962402e+01,1.000000000000000021e-08
1.841199994087219238e+01,9.999899999999999765e-09
1.851199984550476074e+01,1.000000000000000021e-08
1.861199998855590820e+01,9.999899999999999765e-09
1.871199989318847656e+01,1.000000000000000021e-08
1.881200003623962402e+01,9.999899999999999765e-09
1.891199994087219238e+01,9.999899999999999765e-09
1.901199984550476074e+01,9.999899999999999765e-09
1.911199998855590820e+01,9.999899999999999765e-09
1.921199989318847656e+01,1.000000000000000021e-08
1.931200003623962402e+01,9.999899999999999765e-09
1.941199994087219238e+01,9.999899999999999765e-09
1.951199984550476074e+01,9.999899999999999765e-09
1.961199998855590820e+01,1.000000000000000021e-08
1.971199989318847656e+01,9.999899999999999765e-09
1.981200003623962402e+01,9.999899999999999765e-09
1.991199994087219238e+01,9.999899999999999765e-09
2.001199984550476074e+01,9.999899999999999765e-09
2.011199998855590820e+01,9.999899999999999765e-09
2.021199989318847656e+01,1.000000000000000021e-08
2.031200003623962402e+01,1.000000000000000021e-08
2.041199994087219238e+01,9.999899999999999765e-09
2.051199984550476074e+01,9.999899999999999765e-09
2.061199998855590820e+01,9.999899999999999765e-09
2.071199989318847656e+01,1.000000000000000021e-08
2.081200003623962402e+01,9.999899999999999765e-09
2.091199994087219238e+01,9.999899999999999765e-09
2.101199984550476074e+01,1.000000000000000021e-08
2.111199998855590820e+01,9.999899999999999765e-09
2.121199989318847656e+01,1.000000000000000021e-08
2.131200003623962402e+01,9.999899999999999765e-09
2.141199994087219238e+01,9.999899999999999765e-09
2.151199984550476074e+01,9.999899999999999765e-09
2.161199998855590820e+01,9.999899999999999765e-09
2.171199989318847656e+01,9.999899999999999765e-09
2.181200003623962402e+01,1.000000000000000021e-08
2.191199994087219238e+01,9.999899999999999765e-09
2.201199984550476074e+01,9.999899999999999765e-09
2.211199998855590820e+01,1.000000000000000021e-08
2.221199989318847656e+01,9.999899999999999765e-09
2.231200003623962402e+01,9.999899999999999765e-09
2.241199994087219238e+01,1.000000000000000021e-08
2.251199984550476074e+01,9.999899999999999765e-09
2.261199998855590820e+01,9.999899999999999765e-09
2.271199989318847656e+01,1.000000000000000021e-08
2.281200003623962402e+01,1.000000000000000021e-08
2.291199994087219238e+01,9.999899999999999765e-09
2.301199984550476074e+01,1.000000000000000021e-08
2.311199998855590820e+01,9.999899999999999765e-09
2.321199989318847656e+01,9.999899999999999765e-09
2.331200003623962402e+01,1.000000000000000021e-08
2.341199994087219238e+01,9.999899999999999765e-09
2.351199984550476074e+01,9.999899999999999765e-09
2.361199998855590820e+01,1.000000000000000021e-08
2.371199989318847656e+01,9.999899999999999765e-09
2.381200003623962402e+01,9.999899999999999765e-09
2.391199994087219238e+01,1.000000000000000021e-08
2.401199984550476074e+01,9.999899999999999765e-09
2.411199998855590820e+01,9.999899999999999765e-09
2.421199989318847656e+01,9.999899999999999765e-09
2.431200003623962402e+01,9.999899999999999765e-09
2.441199994087219238e+01,1.000000000000000021e-08
2.451199984550476074e+01,1.000000000000000021e-08
2.461199998855590820e+01,9.999899999999999765e-09
2.471199989318847656e+01,9.999899999999999765e-09
2.481200003623962402e+01,9.999899999999999765e-09
2.491199994087219238e+01,1.000000000000000021e-08
2.501199984550476074e+01,9.999899999999999765e-09
2.511199998855590820e+01,1.000000000000000021e-08
2.521199989318847656e+01,1.000000000000000021e-08
2.531200003623962402e+01,1.000000000000000021e-08
2.541199994087219238e+01,1.000000000000000021e-08
2.551199984550476074e+01,1.000000000000000021e-08
2.561199998855590820e+01,1.000000000000000021e-08
2.571199989318847656e+01,9.999899999999999765e-09
2.581200003623962402e+01,9.999899999999999765e-09
2.591199994087219238e+01,9.999899999999999765e-09
2.601199984550476074e+01,1.000000000000000021e-08
2.611199998855590820e+01,9.999899999999999765e-09
2.621199989318847656e+01,9.999899999999999765e-09
2.631200003623962402e+01,1.000000000000000021e-08
2.641199994087219238e+01,9.999899999999999765e-09
2.651199984550476074e+01,1.000000000000000021e-08
2.661199998855590820e+01,1.000000000000000021e-08
2.671199989318847656e+01,1.000000000000000021e-08
2.681200003623962402e+01,1.000000000000000021e-08
2.691199994087219238e+01,9.999899999999999765e-09
2.701199984550476074e+01,9.999899999999999765e-09
2.711199998855590820e+01,9.999899999999999765e-09
2.721199989318847656e+01,9.999899999999999765e-09
2.731200003623962402e+01,9.999899999999999765e-09
2.741199994087219238e+01,9.999899999999999765e-09
2.751199984550476074e+01,9.999899999999999765e-09
2.761199998855590820e+01,9.999899999999999765e-09
2.771199989318847656e+01,1.000000000000000021e-08
2.781200003623962402e+01,9.999899999999999765e-09
2.791199994087219238e+01,1.000000000000000021e-08
2.801300001144409180e+01,1.000000000000000021e-08
2.811300015449523926e+01,1.000000000000000021e-08
2.821399998664855957e+01,9.999899999999999765e-09
2.831400012969970703e+01,9.999899999999999765e-09
2.841499996185302734e+01,9.999899999999999765e-09
2.851600003242492676e+01,9.999899999999999765e-09
2.861599993705749512e+01,1.000000000000000021e-08
2.871599984169006348e+01,1.000000000000000021e-08
2.881599998474121094e+01,1.000000000000000021e-08
2.891700005531311035e+01,9.999899999999999765e-09
2.901700019836425781e+01,9.999899999999999765e-09
2.911800003051757812e+01,9.999899999999999765e-09
2.921800017356872559e+01,1.000000000000000021e-08
2.931900000572204590e+01,9.999899999999999765e-09
2.941999983787536621e+01,1.000000000000000021e-08
2.951999998092651367e+01,9.999899999999999765e-09
2.962100005149841309e+01,1.000000000000000021e-08
2.972200012207031250e+01,1.000000000000000021e-08
2.982299995422363281e+01,1.000000000000000021e-08
2.992300009727478027e+01,9.999899999999999765e-09
3.002399992942810059e+01,9.999899999999999765e-09
3.012399983406066895e+01,9.999899999999999765e-09
3.022399997711181641e+01,9.999899999999999765e-09
3.032399988174438477e+01,9.999899999999999765e-09
3.042400002479553223e+01,9.999899999999999765e-09
3.052399992942810059e+01,9.999899999999999765e-09
3.062399983406066895e+01,9.999899999999999765e-09
3.072399997711181641e+01,9.999899999999999765e-09
3.082399988174438477e+01,9.999899999999999765e-09
3.092400002479553223e+01,9.999899999999999765e-09
3.102399992942810059e+01,1.000000000000000021e-08
3.112399983406066895e+01,9.999899999999999765e-09
3.122399997711181641e+01,9.999899999999999765e-09
3.132399988174438477e+01,1.000000000000000021e-08
3.142400002479553223e+01,9.999899999999999765e-09
3.152399992942810059e+01,9.999899999999999765e-09
3.162399983406066895e+01,9.999899999999999765e-09
3.172399997711181641e+01,9.999899999999999765e-09
3.182399988174438477e+01,9.999899999999999765e-09
3.192400002479553223e+01,9.999899999999999765e-09
3.202399992942810059e+01,1.000000000000000021e-08
3.212399983406066895e+01,1.000000000000000021e-08
3.222399997711181641e+01,9.999899999999999765e-09
3.232399988174438477e+01,9.999899999999999765e-09
3.242400002479553223e+01,9.999899999999999765e-09
3.252399992942810059e+01,9.999899999999999765e-09
3.262399983406066895e+01,9.999899999999999765e-09
3.272399997711181641e+01,9.999899999999999765e-09
3.282399988174438477e+01,9.999899999999999765e-09
3.292400002479553223e+01,9.999899999999999765e-09
3.302399992942810059e+01,1.000000000000000021e-08
3.312399983406066895e+01,1.000000000000000021e-08
3.322399997711181641e+01,1.000000000000000021e-08
3.332399988174438477e+01,9.999899999999999765e-09
3.342400002479553223e+01,9.999899999999999765e-09
3.352399992942810059e+01,9.999899999999999765e-09
3.362399983406066895e+01,9.999899999999999765e-09
3.372399997711181641e+01,9.999899999999999765e-09
3.382399988174438477e+01,1.000000000000000021e-08
3.392400002479553223e+01,9.999899999999999765e-09
3.402399992942810059e+01,1.000000000000000021e-08
3.412399983406066895e+01,9.999899999999999765e-09
3.422399997711181641e+01,9.999899999999999765e-09
3.432399988174438477e+01,1.000000000000000021e-08
3.442400002479553223e+01,1.000000000000000021e-08
3.452399992942810059e+01,9.999899999999999765e-09
3.462399983406066895e+01,1.000000000000000021e-08
3.472399997711181641e+01,1.000000000000000021e-08
3.482399988174438477e+01,9.999899999999999765e-09
3.492400002479553223e+01,1.000000000000000021e-08
3.502399992942810059e+01,9.999899999999999765e-09
3.512399983406066895e+01,1.000000000000000021e-08
3.522399997711181641e+01,1.000000000000000021e-08
3.532399988174438477e+01,9.999899999999999765e-09
3.542400002479553223e+01,1.000000000000000021e-08
3.552399992942810059e+01,1.000000000000000021e-08
3.562399983406066895e+01,1.000000000000000021e-08
3.572399997711181641e+01,9.999899999999999765e-09
3.582399988174438477e+01,9.999899999999999765e-09
3.592400002479553223e+01,1.000000000000000021e-08
3.602399992942810059e+01,9.999899999999999765e-09
3.612399983406066895e+01,1.000000000000000021e-08
3.622399997711181641e+01,9.999899999999999765e-09
3.632399988174438477e+01,9.999899999999999765e-09
3.642400002479553223e+01,9.999899999999999765e-09
3.652399992942810059e+01,9.999899999999999765e-09
3.662399983406066895e+01,9.999899999999999765e-09
3.672399997711181641e+01,1.000000000000000021e-08
3.682399988174438477e+01,9.999899999999999765e-09
3.692400002479553223e+01,1.000000000000000021e-08
3.702399992942810059e+01,1.000000000000000021e-08
3.712399983406066895e+01,1.000000000000000021e-08
3.722399997711181641e+01,1.000000000000000021e-08
3.732500004768371582e+01,9.999899999999999765e-09
3.742500019073486328e+01,9.999899999999999765e-09
3.752600002288818359e+01,9.999899999999999765e-09
3.762600016593933105e+01,9.999899999999999765e-09
3.772699999809265137e+01,9.999899999999999765e-09
3.782699990272521973e+01,1.000000000000000021e-08
3.792700004577636719e+01,1.000000000000000021e-08
3.802799987792968750e+01,9.999899999999999765e-09
3.812800002098083496e+01,9.999899999999999765e-09
3.822799992561340332e+01,9.999899999999999765e-09
3.832799983024597168e+01,9.999899999999999765e-09
3.842799997329711914e+01,9.999899999999999765e-09
3.852799987792968750e+01,1.000000000000000021e-08
3.862800002098083496e+01,9.999899999999999765e-09
3.872799992561340332e+01,9.999899999999999765e-09
3.882799983024597168e+01,9.999899999999999765e-09
3.892799997329711914e+01,9.999899999999999765e-09
3.902799987792968750e+01,9.999899999999999765e-09
3.912800002098083496e+01,1.000000000000000021e-08
3.922799992561340332e+01,9.999899999999999765e-09
3.932799983024597168e+01,9.999899999999999765e-09
3.942799997329711914e+01,9.999899999999999765e-09
3.952799987792968750e+01,1.000000000000000021e-08
3.962800002098083496e+01,1.000000000000000021e-08
3.972799992561340332e+01,1.000000000000000021e-08
3.982799983024597168e+01,9.999899999999999765e-09
3.992799997329711914e+01,9.999899999999999765e-09
4.002799987792968750e+01,9.999899999999999765e-09
4.012800002098083496e+01,9.999899999999999765e-09
4.022799992561340332e+01,1.000000000000000021e-08
4.032799983024597168e+01,9.999899999999999765e-09
4.042799997329711914e+01,9.999899999999999765e-09
4.052799987792968750e+01,1.000000000000000021e-08
4.062800002098083496e+01,9.999899999999999765e-09
4.072799992561340332e+01,1.000000000000000021e-08
4.082799983024597168e+01,9.999899999999999765e-09
4.092799997329711914e+01,9.999899999999999765e-09
4.102799987792968750e+01,1.000000000000000021e-08
4.112800002098083496e+01,9.999899999999999765e-09
4.122799992561340332e+01,9.999899999999999765e-09
4.132799983024597168e+01,1.000000000000000021e-08
4.142799997329711914e+01,1.000000000000000021e-08
4.152799987792968750e+01,9.999899999999999765e-09
4.162800002098083496e+01,9.999899999999999765e-09
4.172799992561340332e+01,9.999899999999999765e-09
4.182799983024597168e+01,9.999899999999999765e-09
4.192799997329711914e+01,1.000000000000000021e-08
4.202799987792968750e+01,9.999899999999999765e-09
4.212800002098083496e+01,1.000000000000000021e-08
4.222799992561340332e+01,1.000000000000000021e-08
4.232799983024597168e+01,9.999899999999999765e-09
4.242799997329711914e+01,1.000000000000000021e-08
4.252799987792968750e+01,1.000000000000000021e-08
4.262800002098083496e+01,1.000000000000000021e-08
4.272799992561340332e+01,1.000000000000000021e-08
4.282799983024597168e+01,9.999899999999999765e-09
4.292799997329711914e+01,9.999899999999999765e-09
4.302799987792968750e+01,1.000000000000000021e-08
4.312800002098083496e+01,1.000000000000000021e-08
4.322799992561340332e+01,9.999899999999999765e-09
4.332799983024597168e+01,1.000000000000000021e-08
4.342799997329711914e+01,9.999899999999999765e-09
4.352799987792968750e+01,1.000000000000000021e-08
4.362800002098083496e+01,9.999899999999999765e-09
4.372799992561340332e+01,1.000000000000000021e-08
4.382799983024597168e+01,9.999899999999999765e-09
4.392799997329711914e+01,9.999899999999999765e-09
4.402799987792968750e+01,9.999899999999999765e-09
4.412800002098083496e+01,1.000000000000000021e-08
4.422799992561340332e+01,1.000000000000000021e-08
4.432799983024597168e+01,9.999899999999999765e-09
4.442799997329711914e+01,1.000000000000000021e-08
4.452799987792968750e+01,1.000000000000000021e-08
4.462800002098083496e+01,1.000000000000000021e-08
4.472799992561340332e+01,1.000000000000000021e-08
4.482799983024597168e+01,1.000000000000000021e-08
4.492799997329711914e+01,1.000000000000000021e-08
4.502900004386901855e+01,9.999899999999999765e-09
4.512900018692016602e+01,9.999899999999999765e-09
4.523000001907348633e+01,9.999899999999999765e-09
4.533000016212463379e+01,9.999899999999999765e-09
4.543099999427795410e+01,1.000000000000000021e-08
4.553099989891052246e+01,9.999899999999999765e-09
4.563100004196166992e+01,1.000000000000000021e-08
4.573199987411499023e+01,9.999899999999999765e-09
4.583200001716613770e+01,9.999899999999999765e-09
4.593199992179870605e+01,1.000000000000000021e-08
4.603199982643127441e+01,9.999899999999999765e-09
4.613199996948242188e+01,1.000000000000000021e-08
4.623199987411499023e+01,1.000000000000000021e-08
4.633200001716613770e+01,1.000000000000000021e-08
4.643199992179870605e+01,9.999899999999999765e-09
4.653199982643127441e+01,1.000000000000000021e-08
4.663199996948242188e+01,1.000000000000000021e-08
4.673199987411499023e+01,9.999899999999999765e-09
4.683200001716613770e+01,1.000000000000000021e-08
4.693199992179870605e+01,1.000000000000000021e-08
4.703199982643127441e+01,9.999899999999999765e-09
4.713199996948242188e+01,1.000000000000000021e-08
4.723300004005432129e+01,1.000000000000000021e-08
4.733300018310546875e+01,1.000000000000000021e-08
4.743400001525878906e+01,1.000000000000000021e-08
4.753400015830993652e+01,9.999899999999999765e-09
4.763499999046325684e+01,9.999899999999999765e-09
4.773499989509582520e+01,9.999899999999999765e-09
4.783500003814697266e+01,9.999899999999999765e-09
4.793599987030029297e+01,9.999899999999999765e-09
4.803600001335144043e+01,1.000000000000000021e-08
4.813599991798400879e+01,1.000000000000000021e-08
4.823599982261657715e+01,9.999899999999999765e-09
4.833599996566772461e+01,1.000000000000000021e-08
4.843599987030029297e+01,9.999899999999999765e-09
4.853600001335144043e+01,1.000000000000000021e-08
4.863599991798400879e+01,9.999899999999999765e-09
4.873599982261657715e+01,1.000000000000000021e-08
4.883599996566772461e+01,1.000000000000000021e-08
4.893599987030029297e+01,9.999899999999999765e-09
4.903600001335144043e+01,9.999899999999999765e-09
4.913599991798400879e+01,9.999899999999999765e-09
4.923599982261657715e+01,9.999899999999999765e-09
4.933599996566772461e+01,9.999899999999999765e-09
4.943599987030029297e+01,9.999899999999999765e-09
4.953600001335144043e+01,9.999899999999999765e-09
4.963599991798400879e+01,1.000000000000000021e-08
4.973599982261657715e+01,1.000000000000000021e-08
4.983599996566772461e+01,1.000000000000000021e-08
4.993599987030029297e+01,9.999899999999999765e-09
5.003600001335144043e+01,9.999899999999999765e-09
5.013599991798400879e+01,9.999899999999999765e-09
5.023599982261657715e+01,1.000000000000000021e-08
5.033599996566772461e+01,1.000000000000000021e-08
5.043599987030029297e+01,9.999899999999999765e-09
5.053600001335144043e+01,1.000000000000000021e-08
5.063599991798400879e+01,9.999899999999999765e-09
5.073599982261657715e+01,1.000000000000000021e-08
5.083599996566772461e+01,1.000000000000000021e-08
5.093599987030029297e+01,9.999899999999999765e-09
5.103600001335144043e+01,9.999899999999999765e-09
5.113599991798400879e+01,1.000000000000000021e-08
5.123599982261657715e+01,9.999899999999999765e-09
5.133599996566772461e+01,9.999899999999999765e-09
5.143599987030029297e+01,1.000000000000000021e-08
5.153600001335144043e+01,9.999899999999999765e-09
5.163599991798400879e+01,1.000000000000000021e-08
5.173599982261657715e+01,9.999899999999999765e-09
5.183599996566772461e+01,1.000000000000000021e-08
5.193599987030029297e+01,9.999899999999999765e-09
5.203600001335144043e+01,9.999899999999999765e-09
5.213599991798400879e+01,9.999899999999999765e-09
5.223599982261657715e+01,9.999899999999999765e-09
5.233599996566772461e+01,9.999899999999999765e-09
5.243599987030029297e+01,1.000000000000000021e-08
5.253600001335144043e+01,1.000000000000000021e-08
5.263599991798400879e+01,9.999899999999999765e-09
5.273700022697448730e+01,1.000000000000000021e-08
5.283800005912780762e+01,9.999899999999999765e-09
5.293799996376037598e+01,1.000000000000000021e-08
5.303800010681152344e+01,1.000000000000000021e-08
5.313899993896484375e+01,9.999899999999999765e-09
5.323900008201599121e+01,1.000000000000000021e-08
5.333999991416931152e+01,1.000000000000000021e-08
5.344000005722045898e+01,9.999899999999999765e-09
5.353999996185302734e+01,9.999899999999999765e-09
5.363999986648559570e+01,9.999899999999999765e-09
5.374000000953674316e+01,9.999899999999999765e-09
5.383999991416931152e+01,9.999899999999999765e-09
5.394000005722045898e+01,9.999899999999999765e-09
5.403999996185302734e+01,9.999899999999999765e-09
5.413999986648559570e+01,9.999899999999999765e-09
5.424000000953674316e+01,9.999899999999999765e-09
5.433999991416931152e+01,9.999899999999999765e-09
5.444000005722045898e+01,9.999899999999999765e-09
5.453999996185302734e+01,9.999899999999999765e-09
5.463999986648559570e+01,9.999899999999999765e-09
5.474000000953674316e+01,9.999899999999999765e-09
5.483999991416931152e+01,1.000000000000000021e-08
5.494000005722045898e+01,1.000000000000000021e-08
5.503999996185302734e+01,9.999899999999999765e-09
5.513999986648559570e+01,9.999899999999999765e-09
5.524000000953674316e+01,9.999899999999999765e-09
5.533999991416931152e+01,9.999899999999999765e-09
5.544000005722045898e+01,1.000000000000000021e-08
5.553999996185302734e+01,1.000000000000000021e-08
5.563999986648559570e+01,9.999899999999999765e-09
5.574000000953674316e+01,9.999899999999999765e-09
5.583999991416931152e+01,9.999899999999999765e-09
5.594000005722045898e+01,9.999899999999999765e-09
5.604100012779235840e+01,9.999899999999999765e-09
5.614100003242492676e+01,1.000000000000000021e-08
5.624100017547607422e+01,1.000000000000000021e-08
5.634200000762939453e+01,9.999899999999999765e-09
5.644200015068054199e+01,9.999899999999999765e-09
5.654299998283386230e+01,9.999899999999999765e-09
5.664299988746643066e+01,1.000000000000000021e-08
5.674300003051757812e+01,1.000000000000000021e-08
5.684399986267089844e+01,1.000000000000000021e-08
5.694400000572204590e+01,9.999899999999999765e-09
5.704399991035461426e+01,9.999899999999999765e-09
5.714400005340576172e+01,1.000000000000000021e-08
5.724399995803833008e+01,1.000000000000000021e-08
5.734399986267089844e+01,9.999899999999999765e-09
5.744400000572204590e+01,9.999899999999999765e-09
5.754399991035461426e+01,9.999899999999999765e-09
5.764400005340576172e+01,9.999899999999999765e-09
5.774399995803833008e+01,1.000000000000000021e-08
5.784399986267089844e+01,1.000000000000000021e-08
5.794400000572204590e+01,9.999899999999999765e-09
5.804399991035461426e+01,9.999899999999999765e-09
5.814400005340576172e+01,9.999899999999999765e-09
5.824399995803833008e+01,9.999899999999999765e-09
5.834399986267089844e+01,9.999899999999999765e-09
5.844400000572204590e+01,9.999899999999999765e-09
5.854399991035461426e+01,9.999899999999999765e-09
5.864400005340576172e+01,9.999899999999999765e-09
5.874399995803833008e+01,9.999899999999999765e-09
5.884399986267089844e+01,9.999899999999999765e-09
5.894400000572204590e+01,9.999899999999999765e-09
5.904399991035461426e+01,9.999899999999999765e-09
5.914400005340576172e+01,9.999899999999999765e-09
5.924399995803833008e+01,9.999899999999999765e-09
5.934500002861022949e+01,1.000000000000000021e-08
5.944500017166137695e+01,1.000000000000000021e-08
5.954600000381469727e+01,9.999899999999999765e-09
5.964600014686584473e+01,9.999899999999999765e-09
5.974699997901916504e+01,9.999899999999999765e-09
5.984800004959106445e+01,1.000000000000000021e-08
5.994900012016296387e+01,9.999899999999999765e-09
6.004900002479553223e+01,9.999899999999999765e-09
