0.000000000000000000e+00,1.001500000000000029e-01
5.440542697906494141e-01,1.001500000000000029e-01
1.078108072280883789e+00,1.001500000000000029e-01
1.597159862518310547e+00,1.001500000000000029e-01
2.121212244033813477e+00,1.001400000000000068e-01
2.655265569686889648e+00,1.001400000000000068e-01
3.171317100524902344e+00,1.001300000000000107e-01
3.705370426177978516e+00,1.001300000000000107e-01
4.223422288894653320e+00,1.001200000000000145e-01
4.747474670410156250e+00,1.001200000000000145e-01
5.281528234481811523e+00,1.001100000000000045e-01
5.797579765319824219e+00,1.001100000000000045e-01
6.331633329391479492e+00,1.000999999999999945e-01
6.849685192108154297e+00,1.000999999999999945e-01
7.373737335205078125e+00,1.000899999999999845e-01
7.907790660858154297e+00,1.000799999999999884e-01
8.424842596054077148e+00,1.000799999999999884e-01
8.958895921707153320e+00,1.000699999999999923e-01
9.474947452545166016e+00,1.000699999999999923e-01
1.000900077819824219e+01,1.000799999999999884e-01
1.052505254745483398e+01,1.000799999999999884e-01
1.105910587310791016e+01,1.000799999999999884e-01
1.157515764236450195e+01,1.000799999999999884e-01
1.210020995140075684e+01,1.000899999999999845e-01
1.263426327705383301e+01,1.000899999999999845e-01
1.315131497383117676e+01,1.000999999999999945e-01
1.368536829948425293e+01,1.001100000000000045e-01
1.420142006874084473e+01,1.001100000000000045e-01
1.473647379875183105e+01,1.001100000000000045e-01
1.525252509117126465e+01,1.000999999999999945e-01
1.578657841682434082e+01,1.000899999999999845e-01
1.630263018608093262e+01,1.000899999999999845e-01
1.683768343925476074e+01,1.000899999999999845e-01
1.735373520851135254e+01,1.000799999999999884e-01
1.788778853416442871e+01,1.000799999999999884e-01
1.840484023094177246e+01,1.000799999999999884e-01
1.892889285087585449e+01,1.000799999999999884e-01
1.946394634246826172e+01,1.000699999999999923e-01
1.997999787330627441e+01,1.000699999999999923e-01
2.051405119895935059e+01,1.000799999999999884e-01
2.102910280227661133e+01,1.000799999999999884e-01
2.156415629386901855e+01,1.000799999999999884e-01
2.208020806312561035e+01,1.000799999999999884e-01
2.261426138877868652e+01,1.000799999999999884e-01
2.313231325149536133e+01,1.000799999999999884e-01
2.366636657714843750e+01,1.000799999999999884e-01
2.418241810798645020e+01,1.000799999999999884e-01
2.471647143363952637e+01,1.000799999999999884e-01
2.523152279853820801e+01,1.000699999999999923e-01
2.576557636260986328e+01,1.000699999999999923e-01
2.628262829780578613e+01,1.000699999999999923e-01
2.680768060684204102e+01,1.000699999999999923e-01
2.734173393249511719e+01,1.000699999999999923e-01
2.785978579521179199e+01,1.000699999999999923e-01
2.838383793830871582e+01,1.000699999999999923e-01
2.890789055824279785e+01,1.000699999999999923e-01
2.944294404983520508e+01,1.000699999999999923e-01
2.996099591255187988e+01,1.000699999999999923e-01
3.048404812812805176e+01,1.000699999999999923e-01
3.101810169219970703e+01,1.000699999999999923e-01
3.153415298461914062e+01,1.000699999999999923e-01
3.206920671463012695e+01,1.000699999999999923e-01
3.258625817298889160e+01,1.000699999999999923e-01
3.311031079292297363e+01,1.000699999999999923e-01
3.364436411857604980e+01,1.000699999999999923e-01
3.416041588783264160e+01,1.000799999999999884e-01
3.469546914100646973e+01,1.000699999999999923e-01
3.521052074432373047e+01,1.000699999999999923e-01
3.574457406997680664e+01,1.000699999999999923e-01
3.626262593269348145e+01,1.000699999999999923e-01
3.678767848014831543e+01,1.000799999999999884e-01
3.732173204421997070e+01,1.000799999999999884e-01
3.783978366851806641e+01,1.000799999999999884e-01
3.837383723258972168e+01,1.000899999999999845e-01
3.888988852500915527e+01,1.000899999999999845e-01
3.942494225502014160e+01,1.000899999999999845e-01
3.993899345397949219e+01,1.000899999999999845e-01
4.047304677963256836e+01,1.000999999999999945e-01
4.098909854888916016e+01,1.001100000000000045e-01
4.152315187454223633e+01,1.001200000000000145e-01
4.204020357131958008e+01,1.001200000000000145e-01
4.257425689697265625e+01,1.001300000000000107e-01
4.309030866622924805e+01,1.001400000000000068e-01
4.362436199188232422e+01,1.001500000000000029e-01
4.414141368865966797e+01,1.001800000000000052e-01
4.467646718025207520e+01,1.002099999999999935e-01
4.519051861763000488e+01,1.002299999999999996e-01
4.572457194328308105e+01,1.002499999999999919e-01
4.624262380599975586e+01,1.002599999999999880e-01
4.676667642593383789e+01,1.002799999999999941e-01
4.730172991752624512e+01,1.002899999999999903e-01
4.781778144836425781e+01,1.003100000000000103e-01
4.835183477401733398e+01,1.003200000000000064e-01
4.886688613891601562e+01,1.003300000000000025e-01
4.940193986892700195e+01,1.003200000000000064e-01
4.991799116134643555e+01,1.003200000000000064e-01
5.045204496383666992e+01,1.003100000000000103e-01
5.097009658813476562e+01,1.003100000000000103e-01
5.149314880371093750e+01,1.003100000000000103e-01
5.202820229530334473e+01,1.002999999999999864e-01
5.254425406455993652e+01,1.002999999999999864e-01
5.307830739021301270e+01,1.002899999999999903e-01
5.359435892105102539e+01,1.002899999999999903e-01
5.412941241264343262e+01,1.002799999999999941e-01
5.464546418190002441e+01,1.002799999999999941e-01
5.517951750755310059e+01,1.002699999999999980e-01
5.569556903839111328e+01,1.002699999999999980e-01
5.622962236404418945e+01,1.002599999999999880e-01
5.674667429924011230e+01,1.002499999999999919e-01
5.727172660827636719e+01,1.002499999999999919e-01
5.780578017234802246e+01,1.002499999999999919e-01
5.832283163070678711e+01,1.002399999999999958e-01
5.884588408470153809e+01,1.002399999999999958e-01
5.937993741035461426e+01,1.002299999999999996e-01
5.989898943901062012e+01,1.002200000000000035e-01
6.042204165458679199e+01,1.656769999999999854e+00
6.095609498023986816e+01,1.002799999999999941e-01
6.147414684295654297e+01,1.002799999999999941e-01
6.200920057296752930e+01,1.002699999999999980e-01
6.252325177192687988e+01,1.002599999999999880e-01
6.305730509757995605e+01,1.002599999999999880e-01
6.357335686683654785e+01,1.002399999999999958e-01
6.410741019248962402e+01,1.002399999999999958e-01
6.462646198272705078e+01,1.002299999999999996e-01
6.514951443672180176e+01,1.656820000000000181e+00
6.568356776237487793e+01,1.001700000000000090e-01
6.620261979103088379e+01,1.001700000000000090e-01
6.672467184066772461e+01,1.001700000000000090e-01
6.725972533226013184e+01,1.001700000000000090e-01
6.777577686309814453e+01,1.001700000000000090e-01
6.830983042716979980e+01,1.001700000000000090e-01
6.882788205146789551e+01,1.001700000000000090e-01
6.935093426704406738e+01,1.001700000000000090e-01
6.988598799705505371e+01,1.001800000000000052e-01
7.040504002571105957e+01,1.001700000000000090e-01
7.092809224128723145e+01,1.001800000000000052e-01
7.145214438438415527e+01,1.001800000000000052e-01
7.198719811439514160e+01,1.001800000000000052e-01
7.250524997711181641e+01,1.001800000000000052e-01
7.303930330276489258e+01,1.001800000000000052e-01
7.355435466766357422e+01,1.001700000000000090e-01
7.408940839767456055e+01,1.001700000000000090e-01
7.460445976257324219e+01,1.001700000000000090e-01
7.513846802711486816e+01,1.001700000000000090e-01
7.565546798706054688e+01,1.001599999999999990e-01
7.618946790695190430e+01,1.001599999999999990e-01
7.670446777343750000e+01,1.001500000000000029e-01
7.723946785926818848e+01,1.001400000000000068e-01
7.775546789169311523e+01,1.001400000000000068e-01
7.828946781158447266e+01,1.001300000000000107e-01
7.880746793746948242e+01,1.001300000000000107e-01
7.933146786689758301e+01,1.001300000000000107e-01
7.986546778678894043e+01,1.001200000000000145e-01
8.038346791267395020e+01,1.001300000000000107e-01
8.091746807098388672e+01,1.001200000000000145e-01
8.143146777153015137e+01,1.001200000000000145e-01
8.196646785736083984e+01,1.001300000000000107e-01
8.248246788978576660e+01,1.001300000000000107e-01
8.301646780967712402e+01,1.001200000000000145e-01
8.353246784210205078e+01,1.001200000000000145e-01
8.406646800041198730e+01,1.001200000000000145e-01
8.458246803283691406e+01,1.001200000000000145e-01
8.511646771430969238e+01,1.001200000000000145e-01
8.563346767425537109e+01,1.001100000000000045e-01
8.616746783256530762e+01,1.001100000000000045e-01
8.668246793746948242e+01,1.657010000000000094e+00
8.721746778488159180e+01,1.000500000000000000e-01
8.773446798324584961e+01,1.000500000000000000e-01
8.826846790313720703e+01,1.000599999999999962e-01
8.878546762466430664e+01,1.000599999999999962e-01
8.932046771049499512e+01,1.000599999999999962e-01
8.983646774291992188e+01,1.000699999999999923e-01
9.037046790122985840e+01,1.000699999999999923e-01
9.088446784019470215e+01,1.000699999999999923e-01
9.141846799850463867e+01,1.000699999999999923e-01
9.193746781349182129e+01,1.000699999999999923e-01
9.246046781539916992e+01,1.000699999999999923e-01
9.299446797370910645e+01,1.000699999999999923e-01
9.351246786117553711e+01,1.000699999999999923e-01
9.403546786308288574e+01,1.000699999999999923e-01
9.457046794891357422e+01,1.000699999999999923e-01
9.508746790885925293e+01,1.000699999999999923e-01
9.561146783828735352e+01,1.000699999999999923e-01
9.614546775817871094e+01,1.000799999999999884e-01
9.666346788406372070e+01,1.000799999999999884e-01
9.718846774101257324e+01,1.000699999999999923e-01
9.772246789932250977e+01,1.000699999999999923e-01
9.823846793174743652e+01,1.000599999999999962e-01
9.877246785163879395e+01,1.000599999999999962e-01
9.928846788406372070e+01,1.000500000000000000e-01
9.982346796989440918e+01,1.000500000000000000e-01
1.003394677639007568e+02,1.000399999999999900e-01
1.008634679317474365e+02,1.000399999999999900e-01
1.013974680900573730e+02,1.000399999999999900e-01
1.019154679775238037e+02,1.000399999999999900e-01
1.024494676589965820e+02,1.000500000000000000e-01
1.029634678363800049e+02,1.000500000000000000e-01
1.034974677562713623e+02,1.000500000000000000e-01
1.040134680271148682e+02,1.000500000000000000e-01
1.045484678745269775e+02,1.000500000000000000e-01
1.050664680004119873e+02,1.000399999999999900e-01
1.056004679203033447e+02,1.000399999999999900e-01
1.061154677867889404e+02,1.656980000000000119e+00
1.066494677066802979e+02,1.000199999999999978e-01
1.071674678325653076e+02,1.000199999999999978e-01
1.076904678344726562e+02,1.000199999999999978e-01
1.082244677543640137e+02,1.000199999999999978e-01
1.087434678077697754e+02,1.000199999999999978e-01
1.092654676437377930e+02,1.000199999999999978e-01
1.098004677295684814e+02,1.000199999999999978e-01
1.103184678554534912e+02,1.000199999999999978e-01
1.108524677753448486e+02,1.000100000000000017e-01
1.113664679527282715e+02,1.000100000000000017e-01
1.119014680385589600e+02,1.000000000000000056e-01
1.124204678535461426e+02,1.000000000000000056e-01
1.129444677829742432e+02,1.000000000000000056e-01
1.134674677848815918e+02,1.000000000000000056e-01
1.140014677047729492e+02,1.000000000000000056e-01
1.145174679756164551e+02,1.000000000000000056e-01
1.150524678230285645e+02,1.000000000000000056e-01
1.155684678554534912e+02,1.000000000000000056e-01
1.161024680137634277e+02,1.000000000000000056e-01
1.166204679012298584e+02,1.000000000000000056e-01
1.171554679870605469e+02,1.000000000000000056e-01
1.176714677810668945e+02,1.000000000000000056e-01
1.181944680213928223e+02,9.998999999999999555e-02
1.187284677028656006e+02,9.998999999999999555e-02
1.192454679012298584e+02,9.998999999999999555e-02
1.197804677486419678e+02,1.000000000000000056e-01
1.202964677810668945e+02,9.998999999999999555e-02
1.208304679393768311e+02,1.000000000000000056e-01
1.213474678993225098e+02,1.000000000000000056e-01
1.218824679851531982e+02,1.000000000000000056e-01
1.223964679241180420e+02,1.000000000000000056e-01
1.229304678440093994e+02,1.000100000000000017e-01
1.234474678039550781e+02,1.000199999999999978e-01
1.239814679622650146e+02,1.000299999999999939e-01
1.244954679012298584e+02,1.000299999999999939e-01
1.250304679870605469e+02,1.000399999999999900e-01
1.255464680194854736e+02,1.000399999999999900e-01
1.260804677009582520e+02,1.000500000000000000e-01
1.265974678993225098e+02,1.000500000000000000e-01
1.271324677467346191e+02,1.000500000000000000e-01
1.276484677791595459e+02,1.000699999999999923e-01
1.281824679374694824e+02,1.000799999999999884e-01
1.287004678249359131e+02,1.000899999999999845e-01
1.292354679107666016e+02,1.000999999999999945e-01
1.297494680881500244e+02,1.656660000000000021e+00
1.302834677696228027e+02,1.002799999999999941e-01
1.307994678020477295e+02,1.002799999999999941e-01
1.313334679603576660e+02,1.002799999999999941e-01
1.318494677543640137e+02,1.002899999999999903e-01
1.323844678401947021e+02,1.002999999999999864e-01
1.329004678726196289e+02,1.003100000000000103e-01
1.334344680309295654e+02,1.003100000000000103e-01
1.339504678249359131e+02,1.003200000000000064e-01
1.344854679107666016e+02,1.003200000000000064e-01
1.350014677047729492e+02,1.003300000000000025e-01
1.355354678630828857e+02,1.003400000000000125e-01
1.360514678955078125e+02,1.003400000000000125e-01
1.365854678153991699e+02,1.003400000000000125e-01
1.371024680137634277e+02,1.003400000000000125e-01
1.376364676952362061e+02,1.003400000000000125e-01
1.381514678001403809e+02,1.003400000000000125e-01
1.386854679584503174e+02,1.003300000000000025e-01
1.392014677524566650e+02,1.003300000000000025e-01
1.397364678382873535e+02,1.003300000000000025e-01
1.402524678707122803e+02,1.003100000000000103e-01
1.407864680290222168e+02,1.003100000000000103e-01
1.413024678230285645e+02,1.002999999999999864e-01
1.418364677429199219e+02,1.002899999999999903e-01
1.423534677028656006e+02,1.002799999999999941e-01
1.428874678611755371e+02,1.002799999999999941e-01
1.434034678936004639e+02,1.002699999999999980e-01
1.439374678134918213e+02,1.002699999999999980e-01
1.444544680118560791e+02,1.002699999999999980e-01
1.449884676933288574e+02,1.002599999999999880e-01
1.455044677257537842e+02,1.002699999999999980e-01
1.460384678840637207e+02,1.002699999999999980e-01
1.465544679164886475e+02,1.002699999999999980e-01
1.470894677639007568e+02,1.002699999999999980e-01
1.476054680347442627e+02,1.002699999999999980e-01
1.481394679546356201e+02,1.002699999999999980e-01
1.486554679870605469e+02,1.002699999999999980e-01
1.491894679069519043e+02,1.002699999999999980e-01
1.497064678668975830e+02,1.002599999999999880e-01
1.502404677867889404e+02,1.002599999999999880e-01
1.507574679851531982e+02,1.002599999999999880e-01
1.512814676761627197e+02,1.002599999999999880e-01
1.518164677619934082e+02,1.002499999999999919e-01
1.523324677944183350e+02,1.002499999999999919e-01
1.528664679527282715e+02,1.002399999999999958e-01
1.533824679851531982e+02,1.002399999999999958e-01
1.539164679050445557e+02,1.002200000000000035e-01
1.544324676990509033e+02,1.002200000000000035e-01
1.549674677848815918e+02,1.002099999999999935e-01
1.554834678173065186e+02,1.002099999999999935e-01
1.560174677371978760e+02,1.002099999999999935e-01
1.565334680080413818e+02,1.002099999999999935e-01
1.570684678554534912e+02,1.002200000000000035e-01
1.575854678153991699e+02,1.002299999999999996e-01
1.581094679832458496e+02,1.002399999999999958e-01
1.586434679031372070e+02,1.002499999999999919e-01
1.591594679355621338e+02,1.002599999999999880e-01
1.596944680213928223e+02,1.002699999999999980e-01
1.602104678153991699e+02,1.002799999999999941e-01
1.607444677352905273e+02,1.002899999999999903e-01
1.612614679336547852e+02,1.002999999999999864e-01
1.617954678535461426e+02,1.003100000000000103e-01
1.623134677410125732e+02,1.003100000000000103e-01
1.628474678993225098e+02,1.003100000000000103e-01
1.633604679107666016e+02,1.003100000000000103e-01
1.638944678306579590e+02,1.002999999999999864e-01
1.644114677906036377e+02,1.002999999999999864e-01
1.649464678764343262e+02,1.002899999999999903e-01
1.654614679813385010e+02,1.002899999999999903e-01
1.659954679012298584e+02,1.002899999999999903e-01
1.665114679336547852e+02,1.002799999999999941e-01
1.670464680194854736e+02,1.002799999999999941e-01
1.675644679069519043e+02,1.002799999999999941e-01
1.680874679088592529e+02,1.002799999999999941e-01
1.686214680671691895e+02,1.002799999999999941e-01
1.691384680271148682e+02,1.002799999999999941e-01
1.696734676361083984e+02,1.002899999999999903e-01
1.701894679069519043e+02,1.002899999999999903e-01
1.707134678363800049e+02,1.002899999999999903e-01
1.712474677562713623e+02,1.002899999999999903e-01
1.717634677886962891e+02,1.002799999999999941e-01
1.722984678745269775e+02,1.002699999999999980e-01
1.728144679069519043e+02,1.002499999999999919e-01
1.733484678268432617e+02,1.002399999999999958e-01
1.738644678592681885e+02,1.002299999999999996e-01
1.743984680175781250e+02,1.002099999999999935e-01
1.749224679470062256e+02,1.001999999999999974e-01
1.754494676589965820e+02,1.001900000000000013e-01
1.759654679298400879e+02,1.001700000000000090e-01
1.764994678497314453e+02,1.001599999999999990e-01
1.770154678821563721e+02,1.001500000000000029e-01
1.775504679679870605e+02,1.001400000000000068e-01
1.780664680004119873e+02,1.001400000000000068e-01
1.786004679203033447e+02,1.001400000000000068e-01
1.791164677143096924e+02,1.001400000000000068e-01
1.796514678001403809e+02,1.001300000000000107e-01
1.801674678325653076e+02,1.001300000000000107e-01
1.807014679908752441e+02,1.001300000000000107e-01
1.812174677848815918e+02,1.001300000000000107e-01
1.817514679431915283e+02,1.001300000000000107e-01
1.822684679031372070e+02,1.001300000000000107e-01
1.828024678230285645e+02,1.001300000000000107e-01
1.833174679279327393e+02,1.001200000000000145e-01
1.838514678478240967e+02,1.001100000000000045e-01
1.843684678077697754e+02,1.001100000000000045e-01
1.849034678936004639e+02,1.000899999999999845e-01
1.854194679260253906e+02,1.000799999999999884e-01
1.859534678459167480e+02,1.000699999999999923e-01
1.864694681167602539e+02,1.000699999999999923e-01
1.870044677257537842e+02,1.000599999999999962e-01
1.875194678306579590e+02,1.000500000000000000e-01
1.880534679889678955e+02,1.000500000000000000e-01
1.885694677829742432e+02,1.000500000000000000e-01
1.891034679412841797e+02,1.000399999999999900e-01
1.896204679012298584e+02,1.000399999999999900e-01
1.901554679870605469e+02,1.000299999999999939e-01
1.906724677085876465e+02,1.000299999999999939e-01
1.912064678668975830e+02,1.000199999999999978e-01
1.917214677333831787e+02,1.000100000000000017e-01
1.922564678192138672e+02,1.000100000000000017e-01
1.927734680175781250e+02,1.000000000000000056e-01
1.933074679374694824e+02,1.000000000000000056e-01
1.938214681148529053e+02,9.998999999999999555e-02
1.943554677963256836e+02,9.998999999999999555e-02
1.948724677562713623e+02,9.997000000000000330e-02
1.954064679145812988e+02,9.996000000000000718e-02
1.959244678020477295e+02,9.995000000000001106e-02
1.964584679603576660e+02,9.994000000000000106e-02
1.969734680652618408e+02,9.992999999999999106e-02
1.975084679126739502e+02,9.991999999999999493e-02
1.980224678516387939e+02,9.990999999999999881e-02
1.985564677715301514e+02,9.989000000000000656e-02
1.990724678039550781e+02,9.987999999999999656e-02
1.996074678897857666e+02,9.987999999999999656e-02
2.001234679222106934e+02,9.987999999999999656e-02
2.006574678421020508e+02,9.987999999999999656e-02
2.011744680404663086e+02,9.987999999999999656e-02
2.017084677219390869e+02,9.987999999999999656e-02
2.022264678478240967e+02,1.657150000000000123e+00
2.027604677677154541e+02,9.990000000000000269e-02
2.032764678001403809e+02,9.989000000000000656e-02
2.037994678020477295e+02,1.657100000000000239e+00
2.043334679603576660e+02,9.990000000000000269e-02
2.048514678478240967e+02,9.990000000000000269e-02
2.053854677677154541e+02,9.990000000000000269e-02
2.059014680385589600e+02,1.657110000000000083e+00
2.064354679584503174e+02,9.979999999999999982e-02
2.069504678249359131e+02,9.980999999999999595e-02
2.074854679107666016e+02,9.981999999999999207e-02
2.080014677047729492e+02,9.983000000000000207e-02
2.085354678630828857e+02,9.983999999999999819e-02
2.090534679889678955e+02,9.986000000000000432e-02
2.095884678363800049e+02,9.987000000000000044e-02
2.101034679412841797e+02,9.989000000000000656e-02
2.106374680995941162e+02,9.990000000000000269e-02
2.111524677276611328e+02,9.991999999999999493e-02
2.116864678859710693e+02,9.992999999999999106e-02
2.122044677734375000e+02,9.995000000000001106e-02
2.127384679317474365e+02,9.995000000000001106e-02
2.132554678916931152e+02,9.997000000000000330e-02
2.137784678936004639e+02,1.000000000000000056e-01
2.143124678134918213e+02,1.000299999999999939e-01
2.148304679393768311e+02,1.003500000000000086e-01
2.153644678592681885e+02,1.003500000000000086e-01
2.158794679641723633e+02,1.003600000000000048e-01
2.164134678840637207e+02,1.003700000000000009e-01
2.169304678440093994e+02,1.003700000000000009e-01
2.174654676914215088e+02,1.003700000000000009e-01
2.179814679622650146e+02,1.003799999999999970e-01
2.185154678821563721e+02,1.003799999999999970e-01
2.190314679145812988e+02,1.003900000000000070e-01
2.195664680004119873e+02,1.003900000000000070e-01
2.200834679603576660e+02,1.003900000000000070e-01
2.206174676418304443e+02,1.003900000000000070e-01
2.211304678916931152e+02,1.003700000000000009e-01
2.216644678115844727e+02,1.003600000000000048e-01
2.221804678440093994e+02,1.003500000000000086e-01
2.227154679298400879e+02,1.003400000000000125e-01
2.232314679622650146e+02,1.003300000000000025e-01
2.237654678821563721e+02,1.003100000000000103e-01
2.242814676761627197e+02,1.002999999999999864e-01
2.248164677619934082e+02,1.002799999999999941e-01
2.253324677944183350e+02,1.002699999999999980e-01
2.258664679527282715e+02,1.002599999999999880e-01
2.263824679851531982e+02,1.002599999999999880e-01
2.269164679050445557e+02,1.002499999999999919e-01
2.274344680309295654e+02,1.656800000000000050e+00
2.279684677124023438e+02,1.002599999999999880e-01
2.284854679107666016e+02,1.656700000000000061e+00
2.290194678306579590e+02,1.002399999999999958e-01
2.295334680080413818e+02,1.002499999999999919e-01
2.300684678554534912e+02,1.002499999999999919e-01
2.305844678878784180e+02,1.002499999999999919e-01
2.311184680461883545e+02,1.002499999999999919e-01
2.316344678401947021e+02,1.002499999999999919e-01
2.321684677600860596e+02,1.002499999999999919e-01
2.326874678134918213e+02,1.002499999999999919e-01
2.332214679718017578e+02,1.002599999999999880e-01
2.337374677658081055e+02,1.002599999999999880e-01
2.342714679241180420e+02,1.002599999999999880e-01
2.347864680290222168e+02,1.002499999999999919e-01
2.353214676380157471e+02,1.002499999999999919e-01
2.358374679088592529e+02,1.002499999999999919e-01
2.363714678287506104e+02,1.002399999999999958e-01
2.368874678611755371e+02,1.002399999999999958e-01
2.374224679470062256e+02,1.002399999999999958e-01
2.379384679794311523e+02,1.002299999999999996e-01
2.384724678993225098e+02,1.002200000000000035e-01
2.389894680976867676e+02,1.002099999999999935e-01
2.395234677791595459e+02,1.002099999999999935e-01
2.400404677391052246e+02,1.002200000000000035e-01
2.405634679794311523e+02,1.002299999999999996e-01
2.410974676609039307e+02,1.002299999999999996e-01
2.416144678592681885e+02,1.002399999999999958e-01
2.421494679450988770e+02,1.002399999999999958e-01
2.426654677391052246e+02,1.002499999999999919e-01
2.431994678974151611e+02,1.002599999999999880e-01
2.437154679298400879e+02,1.002699999999999980e-01
2.442494678497314453e+02,1.002799999999999941e-01
2.447654678821563721e+02,1.002899999999999903e-01
2.453004677295684814e+02,1.002899999999999903e-01
2.458164677619934082e+02,1.002899999999999903e-01
2.463504679203033447e+02,1.002999999999999864e-01
2.468644678592681885e+02,1.002999999999999864e-01
2.473994679450988770e+02,1.002999999999999864e-01
2.479154679775238037e+02,1.003100000000000103e-01
2.484494676589965820e+02,1.003100000000000103e-01
2.489664678573608398e+02,1.003100000000000103e-01
2.495004677772521973e+02,1.003100000000000103e-01
2.500164678096771240e+02,1.002999999999999864e-01
2.505504679679870605e+02,1.002999999999999864e-01
2.510664680004119873e+02,1.002999999999999864e-01
2.516004679203033447e+02,1.002999999999999864e-01
2.521184680461883545e+02,1.002999999999999864e-01
2.526424679756164551e+02,1.002999999999999864e-01
2.531764678955078125e+02,1.002899999999999903e-01
2.536924676895141602e+02,1.002899999999999903e-01
2.542264678478240967e+02,1.002799999999999941e-01
2.547424678802490234e+02,1.002699999999999980e-01
2.552774679660797119e+02,1.002599999999999880e-01
2.557944679260253906e+02,1.002499999999999919e-01
2.563284678459167480e+02,1.002299999999999996e-01
2.568444678783416748e+02,1.002099999999999935e-01
2.573794679641723633e+02,1.001900000000000013e-01
2.578964679241180420e+02,1.001700000000000090e-01
2.584304678440093994e+02,1.001599999999999990e-01
2.589464678764343262e+02,1.001400000000000068e-01
2.594804677963256836e+02,1.001200000000000145e-01
2.599974679946899414e+02,1.000999999999999945e-01
2.605314679145812988e+02,1.000899999999999845e-01
2.610474679470062256e+02,1.000799999999999884e-01
2.615814681053161621e+02,1.000799999999999884e-01
2.620974676609039307e+02,1.000699999999999923e-01
2.626324677467346191e+02,1.000599999999999962e-01
2.631484677791595459e+02,1.000500000000000000e-01
2.636824679374694824e+02,1.000399999999999900e-01
2.641984679698944092e+02,1.000399999999999900e-01
2.647334680557250977e+02,1.000299999999999939e-01
2.652474677562713623e+02,1.000299999999999939e-01
2.657814679145812988e+02,1.000199999999999978e-01
2.662974677085876465e+02,1.000199999999999978e-01
2.668314678668975830e+02,1.000199999999999978e-01
2.673474678993225098e+02,1.000100000000000017e-01
2.678824679851531982e+02,1.000000000000000056e-01
2.683984680175781250e+02,1.000000000000000056e-01
2.689324676990509033e+02,1.000000000000000056e-01
2.694474678039550781e+02,9.998999999999999555e-02
2.699824678897857666e+02,9.998999999999999555e-02
2.704984679222106934e+02,9.997999999999999943e-02
2.710324678421020508e+02,9.997000000000000330e-02
2.715484678745269775e+02,9.995000000000001106e-02
2.720824680328369141e+02,9.994000000000000106e-02
2.726014678478240967e+02,1.657090000000000174e+00
2.731354677677154541e+02,9.987000000000000044e-02
2.736494677066802979e+02,9.987000000000000044e-02
2.741834678649902344e+02,9.986000000000000432e-02
2.746994678974151611e+02,1.657170000000000032e+00
2.752344679832458496e+02,9.987999999999999656e-02
2.757514679431915283e+02,1.657110000000000083e+00
2.762854681015014648e+02,9.989000000000000656e-02
2.768024678230285645e+02,9.989000000000000656e-02
2.773374676704406738e+02,9.989000000000000656e-02
2.778534679412841797e+02,9.989000000000000656e-02
2.783874678611755371e+02,9.987999999999999656e-02
2.789034678936004639e+02,9.987999999999999656e-02
2.794374680519104004e+02,9.987999999999999656e-02
2.799544680118560791e+02,9.987000000000000044e-02
2.804884676933288574e+02,9.987000000000000044e-02
2.810024678707122803e+02,9.987000000000000044e-02
2.815364677906036377e+02,9.986000000000000432e-02
2.820534679889678955e+02,9.986000000000000432e-02
2.825884678363800049e+02,9.987000000000000044e-02
2.831054677963256836e+02,9.987000000000000044e-02
2.836394679546356201e+02,9.987999999999999656e-02
2.841534676551818848e+02,9.987999999999999656e-02
2.846874678134918213e+02,9.989000000000000656e-02
2.852044677734375000e+02,9.990000000000000269e-02
2.857384679317474365e+02,9.990999999999999881e-02
2.862544679641723633e+02,9.991999999999999493e-02
2.867884678840637207e+02,9.992999999999999106e-02
2.873054678440093994e+02,9.994000000000000106e-02
2.878404676914215088e+02,9.995000000000001106e-02
2.883564677238464355e+02,9.997000000000000330e-02
2.888904678821563721e+02,9.998999999999999555e-02
2.894074678421020508e+02,1.000199999999999978e-01
2.899424679279327393e+02,1.000500000000000000e-01
2.904564678668975830e+02,1.000799999999999884e-01
2.909904680252075195e+02,1.001200000000000145e-01
2.915064678192138672e+02,1.001599999999999990e-01
2.920404677391052246e+02,1.001999999999999974e-01
2.925574679374694824e+02,1.002299999999999996e-01
2.930914678573608398e+02,1.002599999999999880e-01
2.936084678173065186e+02,1.002899999999999903e-01
2.941424679756164551e+02,1.003100000000000103e-01
2.946584680080413818e+02,1.003300000000000025e-01
2.951824679374694824e+02,1.003400000000000125e-01
2.957164678573608398e+02,1.003500000000000086e-01
2.962334678173065186e+02,1.003500000000000086e-01
2.967674679756164551e+02,1.003500000000000086e-01
2.972824678421020508e+02,1.003400000000000125e-01
2.978174676895141602e+02,1.003400000000000125e-01
2.983334679603576660e+02,1.003400000000000125e-01
2.988674678802490234e+02,1.003400000000000125e-01
2.993834679126739502e+02,1.003400000000000125e-01
2.999184679985046387e+02,1.003300000000000025e-01
3.004354679584503174e+02,1.003300000000000025e-01
3.009584679603576660e+02,1.003300000000000025e-01
3.014924678802490234e+02,1.003300000000000025e-01
3.020104680061340332e+02,1.003300000000000025e-01
3.025454678535461426e+02,1.003300000000000025e-01
3.030624680519104004e+02,1.003400000000000125e-01
3.035854678153991699e+02,1.003300000000000025e-01
3.041194679737091064e+02,1.003300000000000025e-01
3.046354677677154541e+02,1.003200000000000064e-01
3.051704678535461426e+02,1.003200000000000064e-01
3.056864678859710693e+02,1.002999999999999864e-01
3.062204678058624268e+02,1.002899999999999903e-01
3.067364678382873535e+02,1.002799999999999941e-01
3.072704679965972900e+02,1.002599999999999880e-01
3.077874679565429688e+02,1.002499999999999919e-01
3.083214676380157471e+02,1.002399999999999958e-01
3.088394677639007568e+02,1.002200000000000035e-01
3.093734679222106934e+02,1.002200000000000035e-01
3.098894677162170410e+02,1.002099999999999935e-01
3.104244678020477295e+02,1.002099999999999935e-01
3.109384679794311523e+02,1.002099999999999935e-01
3.114724678993225098e+02,1.002099999999999935e-01
3.119904680252075195e+02,1.002099999999999935e-01
3.125254681110382080e+02,1.002099999999999935e-01
3.130414676666259766e+02,1.002200000000000035e-01
3.135754678249359131e+02,1.002200000000000035e-01
3.140914678573608398e+02,1.002200000000000035e-01
3.146134679317474365e+02,1.002200000000000035e-01
3.151484677791595459e+02,1.002200000000000035e-01
3.156644678115844727e+02,1.002299999999999996e-01
3.161984679698944092e+02,1.002399999999999958e-01
3.167144680023193359e+02,1.002399999999999958e-01
3.172484679222106934e+02,1.002499999999999919e-01
3.177654678821563721e+02,1.002599999999999880e-01
3.182994678020477295e+02,1.002699999999999980e-01
3.188154678344726562e+02,1.002699999999999980e-01
3.193494679927825928e+02,1.002799999999999941e-01
3.198654677867889404e+02,1.002799999999999941e-01
3.204004678726196289e+02,1.002899999999999903e-01
3.209164679050445557e+02,1.002899999999999903e-01
3.214504678249359131e+02,1.002799999999999941e-01
3.219664678573608398e+02,1.002799999999999941e-01
3.225014679431915283e+02,1.002799999999999941e-01
3.230174677371978760e+02,1.656660000000000021e+00
3.235514678955078125e+02,1.002899999999999903e-01
3.240684678554534912e+02,1.002899999999999903e-01
3.246024680137634277e+02,1.002999999999999864e-01
3.251204679012298584e+02,1.002999999999999864e-01
3.256544678211212158e+02,1.002999999999999864e-01
3.261704678535461426e+02,1.002999999999999864e-01
3.267044677734375000e+02,1.003100000000000103e-01
3.272204678058624268e+02,5.512299999999999978e-01
3.276484677791595459e+02,5.549199999999999688e-01
3.279994678497314453e+02,6.042699999999999738e-01
3.283514678478240967e+02,6.681199999999999362e-01
3.287004678249359131e+02,7.347500000000000142e-01
3.290504679679870605e+02,7.991900000000000670e-01
3.294014678001403809e+02,8.574899999999999745e-01
3.297504680156707764e+02,9.060700000000000420e-01
3.301014680862426758e+02,9.435800000000000853e-01
3.304504678249359131e+02,9.707100000000000728e-01
3.308014676570892334e+02,9.899599999999999511e-01
3.311514678001403809e+02,1.003740000000000077e+00
3.315014679431915283e+02,1.013640000000000096e+00
3.318514678478240967e+02,1.015800000000000036e+00
3.322024679183959961e+02,1.009290000000000020e+00
3.325514678955078125e+02,1.004969999999999919e+00
3.329024679660797119e+02,1.002040000000000042e+00
3.332524678707122803e+02,9.998500000000000165e-01
3.336024680137634277e+02,9.983400000000000052e-01
3.339524679183959961e+02,9.992699999999998806e-01
3.343014678955078125e+02,1.000869999999999926e+00
3.346524677276611328e+02,1.000879999999999992e+00
3.350024678707122803e+02,1.000900000000000123e+00
3.353504679203033447e+02,1.000909999999999966e+00
3.356994678974151611e+02,1.000920000000000032e+00
3.360494678020477295e+02,1.000920000000000032e+00
3.363994679450988770e+02,1.000929999999999875e+00
3.367504680156707764e+02,1.000939999999999941e+00
3.371004679203033447e+02,1.000950000000000006e+00
3.374514677524566650e+02,1.000950000000000006e+00
3.378004677295684814e+02,1.000960000000000072e+00
3.381514678001403809e+02,1.000970000000000137e+00
3.385014679431915283e+02,1.000970000000000137e+00
3.388514678478240967e+02,1.000979999999999981e+00
3.392014677524566650e+02,1.000979999999999981e+00
3.395524678230285645e+02,1.000990000000000046e+00
3.399014680385589600e+02,1.000979999999999981e+00
3.402524678707122803e+02,1.000970000000000137e+00
3.406024680137634277e+02,1.000960000000000072e+00
3.409524679183959961e+02,1.000960000000000072e+00
3.413024678230285645e+02,1.000960000000000072e+00
3.416524677276611328e+02,1.000960000000000072e+00
3.420024678707122803e+02,1.000960000000000072e+00
3.423514678478240967e+02,1.000960000000000072e+00
3.427024679183959961e+02,1.000960000000000072e+00
3.430524678230285645e+02,1.000960000000000072e+00
3.434024679660797119e+02,1.000960000000000072e+00
3.437524678707122803e+02,1.000960000000000072e+00
3.441034679412841797e+02,1.000960000000000072e+00
3.444534680843353271e+02,1.000960000000000072e+00
3.448034679889678955e+02,1.000960000000000072e+00
3.451534676551818848e+02,1.000960000000000072e+00
3.455034677982330322e+02,1.000960000000000072e+00
3.458534679412841797e+02,1.000960000000000072e+00
3.462044677734375000e+02,1.000970000000000137e+00
3.465534677505493164e+02,1.000960000000000072e+00
3.469044678211212158e+02,1.000960000000000072e+00
3.472544679641723633e+02,1.000960000000000072e+00
3.476044678688049316e+02,1.000960000000000072e+00
3.479544680118560791e+02,1.000960000000000072e+00
3.483034679889678955e+02,1.000960000000000072e+00
3.486544678211212158e+02,1.000960000000000072e+00
3.490044677257537842e+02,1.000960000000000072e+00
3.493554677963256836e+02,1.000960000000000072e+00
3.497044677734375000e+02,1.000960000000000072e+00
3.500554678440093994e+02,1.000960000000000072e+00
3.504044678211212158e+02,1.000960000000000072e+00
3.507554678916931152e+02,1.000960000000000072e+00
3.511054677963256836e+02,1.000960000000000072e+00
3.514564678668975830e+02,1.000960000000000072e+00
3.518054680824279785e+02,1.000970000000000137e+00
3.521564679145812988e+02,1.000960000000000072e+00
3.525064678192138672e+02,1.000960000000000072e+00
3.528564677238464355e+02,1.000960000000000072e+00
3.532064678668975830e+02,1.000970000000000137e+00
3.535574679374694824e+02,1.000970000000000137e+00
3.539064679145812988e+02,1.000970000000000137e+00
3.542574677467346191e+02,1.000970000000000137e+00
3.546064679622650146e+02,1.000970000000000137e+00
3.549564678668975830e+02,1.000970000000000137e+00
3.553064680099487305e+02,1.000970000000000137e+00
3.556564679145812988e+02,1.000970000000000137e+00
3.560074679851531982e+02,1.000970000000000137e+00
3.563574678897857666e+02,1.000960000000000072e+00
3.567074677944183350e+02,1.000970000000000137e+00
3.570574676990509033e+02,1.000960000000000072e+00
3.574074678421020508e+02,1.000960000000000072e+00
3.577574679851531982e+02,1.000960000000000072e+00
3.581084678173065186e+02,1.000960000000000072e+00
3.584584679603576660e+02,1.000960000000000072e+00
3.588084678649902344e+02,1.000960000000000072e+00
3.591584680080413818e+02,1.000950000000000006e+00
3.595084679126739502e+02,1.000960000000000072e+00
3.598584678173065186e+02,1.000950000000000006e+00
3.602094676494598389e+02,1.000950000000000006e+00
3.605594677925109863e+02,1.000950000000000006e+00
3.609084677696228027e+02,1.000950000000000006e+00
3.612584679126739502e+02,1.000950000000000006e+00
3.616084678173065186e+02,1.000950000000000006e+00
3.619594678878784180e+02,1.000950000000000006e+00
3.623084678649902344e+02,1.000950000000000006e+00
3.626594679355621338e+02,1.000950000000000006e+00
3.630094678401947021e+02,1.000950000000000006e+00
3.633594679832458496e+02,1.000950000000000006e+00
3.637094678878784180e+02,1.000950000000000006e+00
3.640604677200317383e+02,1.000950000000000006e+00
3.644094676971435547e+02,1.000950000000000006e+00
3.647604677677154541e+02,1.000950000000000006e+00
3.651104679107666016e+02,1.000960000000000072e+00
3.654614679813385010e+02,1.000960000000000072e+00
3.658114678859710693e+02,1.000960000000000072e+00
3.661604678630828857e+02,1.000960000000000072e+00
3.665104680061340332e+02,1.000960000000000072e+00
3.668614680767059326e+02,1.000960000000000072e+00
3.672114679813385010e+02,1.000960000000000072e+00
3.675604677200317383e+02,1.063339999999999952e+00
3.679124677181243896e+02,1.000979999999999981e+00
3.682604677677154541e+02,1.000979999999999981e+00
3.686114678382873535e+02,1.000970000000000137e+00
3.689614677429199219e+02,1.000970000000000137e+00
3.693114678859710693e+02,1.000970000000000137e+00
3.696614680290222168e+02,1.000970000000000137e+00
3.700124678611755371e+02,1.000970000000000137e+00
3.703614678382873535e+02,1.000970000000000137e+00
3.707124679088592529e+02,1.000970000000000137e+00
3.710624680519104004e+02,1.000960000000000072e+00
3.714134678840637207e+02,1.000960000000000072e+00
3.717624678611755371e+02,1.000960000000000072e+00
3.721134676933288574e+02,1.000960000000000072e+00
3.724624679088592529e+02,1.000960000000000072e+00
3.728134679794311523e+02,1.000960000000000072e+00
3.731634678840637207e+02,1.000960000000000072e+00
3.735134677886962891e+02,1.000960000000000072e+00
3.738634679317474365e+02,1.000960000000000072e+00
3.742134680747985840e+02,1.000960000000000072e+00
3.745634679794311523e+02,1.000960000000000072e+00
3.749134676456451416e+02,1.000960000000000072e+00
3.752644677162170410e+02,1.000960000000000072e+00
3.756144678592681885e+02,1.000960000000000072e+00
3.759654679298400879e+02,1.000960000000000072e+00
3.763154678344726562e+02,1.000960000000000072e+00
3.766654677391052246e+02,1.063320000000000043e+00
3.770164678096771240e+02,1.000999999999999890e+00
3.773664679527282715e+02,1.000999999999999890e+00
3.777144680023193359e+02,1.063299999999999912e+00
3.780664680004119873e+02,1.000950000000000006e+00
3.784164679050445557e+02,1.000950000000000006e+00
3.787654678821563721e+02,1.000950000000000006e+00
3.791154677867889404e+02,1.000950000000000006e+00
3.794654676914215088e+02,1.000950000000000006e+00
3.798154678344726562e+02,1.000950000000000006e+00
3.801664679050445557e+02,1.000950000000000006e+00
3.805164678096771240e+02,1.000950000000000006e+00
3.808654677867889404e+02,1.000950000000000006e+00
3.812164678573608398e+02,1.000950000000000006e+00
3.815664680004119873e+02,1.000950000000000006e+00
3.819174680709838867e+02,1.000950000000000006e+00
3.822664680480957031e+02,1.000950000000000006e+00
3.826174676418304443e+02,1.000950000000000006e+00
3.829674677848815918e+02,1.000950000000000006e+00
3.833184678554534912e+02,1.000950000000000006e+00
3.836664679050445557e+02,1.000950000000000006e+00
3.840174677371978760e+02,1.000950000000000006e+00
3.843664679527282715e+02,1.000950000000000006e+00
3.847174680233001709e+02,1.000950000000000006e+00
3.850674679279327393e+02,1.000950000000000006e+00
3.854184679985046387e+02,1.000960000000000072e+00
3.857674679756164551e+02,1.000960000000000072e+00
3.861184680461883545e+02,1.000960000000000072e+00
3.864684677124023438e+02,1.000960000000000072e+00
3.868184678554534912e+02,1.000960000000000072e+00
3.871694676876068115e+02,1.000960000000000072e+00
3.875184679031372070e+02,1.000960000000000072e+00
3.878694679737091064e+02,1.000960000000000072e+00
3.882194678783416748e+02,1.000960000000000072e+00
3.885694677829742432e+02,1.000960000000000072e+00
3.889194679260253906e+02,1.000960000000000072e+00
3.892684679031372070e+02,1.000960000000000072e+00
3.896184680461883545e+02,1.000960000000000072e+00
3.899694676399230957e+02,1.000960000000000072e+00
3.903194677829742432e+02,1.000960000000000072e+00
3.906694679260253906e+02,1.000960000000000072e+00
3.910194678306579590e+02,1.000950000000000006e+00
3.913704679012298584e+02,1.000950000000000006e+00
3.917204678058624268e+02,1.000950000000000006e+00
3.920714678764343262e+02,1.000950000000000006e+00
3.924214680194854736e+02,1.000950000000000006e+00
3.927704679965972900e+02,1.000950000000000006e+00
3.931204679012298584e+02,1.000950000000000006e+00
3.934704680442810059e+02,1.000950000000000006e+00
3.938204677104949951e+02,1.063379999999999992e+00
3.941714677810668945e+02,1.000970000000000137e+00
3.945204677581787109e+02,1.000970000000000137e+00
3.948704679012298584e+02,1.000970000000000137e+00
3.952214679718017578e+02,1.000970000000000137e+00
3.955704679489135742e+02,1.000960000000000072e+00
3.959224679470062256e+02,1.000970000000000137e+00
3.962724678516387939e+02,1.000970000000000137e+00
3.966214680671691895e+02,1.000970000000000137e+00
3.969714679718017578e+02,1.000960000000000072e+00
3.973224680423736572e+02,1.000960000000000072e+00
3.976724677085876465e+02,1.000960000000000072e+00
3.980234677791595459e+02,1.000960000000000072e+00
3.983724677562713623e+02,1.000960000000000072e+00
3.987234678268432617e+02,1.000960000000000072e+00
3.990724678039550781e+02,1.000960000000000072e+00
3.994234678745269775e+02,1.000960000000000072e+00
3.997734680175781250e+02,1.000960000000000072e+00
4.001234679222106934e+02,1.000950000000000006e+00
4.004734678268432617e+02,1.000950000000000006e+00
4.008234679698944092e+02,1.063369999999999926e+00
4.011754679679870605e+02,1.000990000000000046e+00
4.015234677791595459e+02,1.000990000000000046e+00
4.018744678497314453e+02,1.063390000000000057e+00
4.022254676818847656e+02,1.000929999999999875e+00
4.025744678974151611e+02,1.000939999999999941e+00
4.029244678020477295e+02,1.000939999999999941e+00
4.032754678726196289e+02,1.000939999999999941e+00
4.036244678497314453e+02,1.000939999999999941e+00
4.039754679203033447e+02,1.000939999999999941e+00
4.043244678974151611e+02,1.000939999999999941e+00
4.046754679679870605e+02,1.000939999999999941e+00
4.050244677066802979e+02,1.000950000000000006e+00
4.053754677772521973e+02,1.000950000000000006e+00
4.057254679203033447e+02,1.000950000000000006e+00
4.060764677524566650e+02,1.000950000000000006e+00
4.064244678020477295e+02,1.000950000000000006e+00
4.067744679450988770e+02,1.000960000000000072e+00
4.071254680156707764e+02,1.000960000000000072e+00
4.074744679927825928e+02,1.000960000000000072e+00
4.078254678249359131e+02,1.000950000000000006e+00
4.081754679679870605e+02,1.000950000000000006e+00
4.085264680385589600e+02,1.000960000000000072e+00
4.088764677047729492e+02,1.063320000000000043e+00
4.092284677028656006e+02,1.000879999999999992e+00
4.095764677524566650e+02,1.000879999999999992e+00
4.099274678230285645e+02,1.000869999999999926e+00
4.102774679660797119e+02,1.000879999999999992e+00
4.106274678707122803e+02,1.000890000000000057e+00
4.109774677753448486e+02,1.063359999999999861e+00
4.113294677734375000e+02,1.000920000000000032e+00
4.116774680614471436e+02,1.000920000000000032e+00
4.120274679660797119e+02,1.000920000000000032e+00
4.123784680366516113e+02,1.000929999999999875e+00
4.127294676303863525e+02,1.000929999999999875e+00
4.130794677734375000e+02,1.000939999999999941e+00
4.134294679164886475e+02,1.000939999999999941e+00
4.137774677276611328e+02,1.000939999999999941e+00
4.141274678707122803e+02,1.000950000000000006e+00
4.144774680137634277e+02,1.000950000000000006e+00
4.148274679183959961e+02,1.000950000000000006e+00
4.151784679889678955e+02,1.000960000000000072e+00
4.155284678936004639e+02,1.000960000000000072e+00
4.158794679641723633e+02,1.000960000000000072e+00
4.162294681072235107e+02,1.000970000000000137e+00
4.165784678459167480e+02,1.000970000000000137e+00
4.169284677505493164e+02,1.000970000000000137e+00
4.172794678211212158e+02,1.000970000000000137e+00
4.176294679641723633e+02,1.000970000000000137e+00
4.179804677963256836e+02,1.000970000000000137e+00
4.183304679393768311e+02,1.000970000000000137e+00
4.186794679164886475e+02,1.000970000000000137e+00
4.190294680595397949e+02,1.000970000000000137e+00
4.193794679641723633e+02,1.000970000000000137e+00
4.197304680347442627e+02,1.000970000000000137e+00
4.200794677734375000e+02,1.000960000000000072e+00
4.204304678440093994e+02,1.000960000000000072e+00
4.207794678211212158e+02,1.000960000000000072e+00
4.211304678916931152e+02,1.000960000000000072e+00
4.214804677963256836e+02,1.000960000000000072e+00
4.218304679393768311e+02,1.000960000000000072e+00
4.221804678440093994e+02,1.000960000000000072e+00
4.225314679145812988e+02,1.000960000000000072e+00
4.228814678192138672e+02,1.000960000000000072e+00
4.232324678897857666e+02,1.000960000000000072e+00
4.235804677009582520e+02,1.000950000000000006e+00
4.239314677715301514e+02,1.000950000000000006e+00
4.242814676761627197e+02,1.000960000000000072e+00
4.246324677467346191e+02,1.000960000000000072e+00
4.249814679622650146e+02,1.000960000000000072e+00
4.253324677944183350e+02,1.063390000000000057e+00
4.256844677925109863e+02,1.000970000000000137e+00
4.260354678630828857e+02,1.000970000000000137e+00
4.263824679851531982e+02,1.000970000000000137e+00
4.267324678897857666e+02,1.000970000000000137e+00
4.270834679603576660e+02,1.000970000000000137e+00
4.274334676265716553e+02,1.000970000000000137e+00
4.277824678421020508e+02,1.000970000000000137e+00
4.281324677467346191e+02,1.000970000000000137e+00
4.284834678173065186e+02,1.000970000000000137e+00
4.288324677944183350e+02,1.000970000000000137e+00
4.291834678649902344e+02,1.000970000000000137e+00
4.295324678421020508e+02,1.000970000000000137e+00
4.298834679126739502e+02,1.000970000000000137e+00
4.302334678173065186e+02,1.000970000000000137e+00
4.305834679603576660e+02,1.000970000000000137e+00
4.309334681034088135e+02,1.000970000000000137e+00
4.312844676971435547e+02,1.000970000000000137e+00
4.316344678401947021e+02,1.000970000000000137e+00
4.319854676723480225e+02,1.000970000000000137e+00
4.323344678878784180e+02,1.000970000000000137e+00
4.326844677925109863e+02,1.000970000000000137e+00
4.330344679355621338e+02,1.000970000000000137e+00
4.333844678401947021e+02,1.000970000000000137e+00
4.337344679832458496e+02,1.000970000000000137e+00
4.340844678878784180e+02,1.000970000000000137e+00
4.344354679584503174e+02,1.000970000000000137e+00
4.347844676971435547e+02,1.000970000000000137e+00
4.351354677677154541e+02,1.000970000000000137e+00
4.354854679107666016e+02,1.000970000000000137e+00
4.358364677429199219e+02,1.000970000000000137e+00
4.361864678859710693e+02,1.000970000000000137e+00
4.365364677906036377e+02,1.000970000000000137e+00
4.368864679336547852e+02,1.000970000000000137e+00
4.372374680042266846e+02,1.000970000000000137e+00
4.375874679088592529e+02,1.000970000000000137e+00
4.379364678859710693e+02,1.000970000000000137e+00
4.382864680290222168e+02,1.000970000000000137e+00
4.386364676952362061e+02,1.000970000000000137e+00
4.389874677658081055e+02,1.000970000000000137e+00
4.393374676704406738e+02,1.000960000000000072e+00
4.396864678859710693e+02,1.000960000000000072e+00
4.400364677906036377e+02,1.063350000000000017e+00
4.403884677886962891e+02,1.000950000000000006e+00
4.407384679317474365e+02,1.000950000000000006e+00
4.410894677639007568e+02,1.000950000000000006e+00
4.414374680519104004e+02,1.000950000000000006e+00
4.417884678840637207e+02,1.000950000000000006e+00
4.421384680271148682e+02,1.000950000000000006e+00
4.424894678592681885e+02,1.000960000000000072e+00
4.428374679088592529e+02,1.000960000000000072e+00
4.431884677410125732e+02,1.000960000000000072e+00
4.435384678840637207e+02,1.000960000000000072e+00
4.438884677886962891e+02,1.000960000000000072e+00
4.442384679317474365e+02,1.000960000000000072e+00
4.445894680023193359e+02,1.000960000000000072e+00
4.449394679069519043e+02,1.063339999999999952e+00
4.452914679050445557e+02,1.001009999999999955e+00
4.456414678096771240e+02,1.001009999999999955e+00
4.459884676933288574e+02,1.000999999999999890e+00
4.463394677639007568e+02,1.000999999999999890e+00
4.466884677410125732e+02,1.000999999999999890e+00
4.470394678115844727e+02,1.000999999999999890e+00
4.473894679546356201e+02,1.000990000000000046e+00
4.477394678592681885e+02,1.000990000000000046e+00
4.480894677639007568e+02,1.000990000000000046e+00
4.484404678344726562e+02,1.000990000000000046e+00
4.487894680500030518e+02,1.000990000000000046e+00
4.491404678821563721e+02,1.000990000000000046e+00
4.494904680252075195e+02,1.000990000000000046e+00
4.498414678573608398e+02,1.000979999999999981e+00
4.501914677619934082e+02,1.000979999999999981e+00
4.505424678325653076e+02,1.000979999999999981e+00
4.508924677371978760e+02,1.000979999999999981e+00
4.512434678077697754e+02,1.000979999999999981e+00
4.515904679298400879e+02,1.000979999999999981e+00
4.519404678344726562e+02,1.000979999999999981e+00
4.522914679050445557e+02,1.000970000000000137e+00
4.526414678096771240e+02,1.000970000000000137e+00
4.529924678802490234e+02,1.000970000000000137e+00
4.533424680233001709e+02,1.000970000000000137e+00
4.536914677619934082e+02,1.000970000000000137e+00
4.540414676666259766e+02,1.000970000000000137e+00
4.543924677371978760e+02,1.000970000000000137e+00
4.547424678802490234e+02,1.000970000000000137e+00
4.550934679508209229e+02,1.000970000000000137e+00
4.554424679279327393e+02,1.000970000000000137e+00
4.557934677600860596e+02,1.000970000000000137e+00
4.561444678306579590e+02,1.000970000000000137e+00
4.564924678802490234e+02,1.063350000000000017e+00
4.568424680233001709e+02,1.000960000000000072e+00
4.571934678554534912e+02,1.000960000000000072e+00
4.575434677600860596e+02,1.000960000000000072e+00
4.578934679031372070e+02,1.000960000000000072e+00
4.582444677352905273e+02,1.000960000000000072e+00
4.585944678783416748e+02,1.000960000000000072e+00
4.589434678554534912e+02,1.000950000000000006e+00
4.592934679985046387e+02,1.000960000000000072e+00
4.596444678306579590e+02,1.000960000000000072e+00
4.599944679737091064e+02,1.000960000000000072e+00
4.603454678058624268e+02,1.000960000000000072e+00
4.606954679489135742e+02,1.000960000000000072e+00
4.610454680919647217e+02,1.000960000000000072e+00
4.613944678306579590e+02,1.000960000000000072e+00
4.617444677352905273e+02,1.000960000000000072e+00
4.620944678783416748e+02,1.000960000000000072e+00
4.624454679489135742e+02,1.000960000000000072e+00
4.627944679260253906e+02,1.000960000000000072e+00
4.631454677581787109e+02,1.000970000000000137e+00
4.634944679737091064e+02,1.000970000000000137e+00
4.638454680442810059e+02,1.000970000000000137e+00
4.641954679489135742e+02,1.063379999999999992e+00
4.645474679470062256e+02,1.000979999999999981e+00
4.648974678516387939e+02,1.000979999999999981e+00
4.652474677562713623e+02,1.000979999999999981e+00
4.655964677333831787e+02,1.000979999999999981e+00
4.659464678764343262e+02,1.000979999999999981e+00
4.662974677085876465e+02,1.000979999999999981e+00
4.666464679241180420e+02,1.000979999999999981e+00
4.669974679946899414e+02,1.000979999999999981e+00
4.673474678993225098e+02,1.000970000000000137e+00
4.676974678039550781e+02,1.000970000000000137e+00
4.680474679470062256e+02,1.000970000000000137e+00
4.683984680175781250e+02,1.000970000000000137e+00
4.687474677562713623e+02,1.000970000000000137e+00
4.690984678268432617e+02,1.000970000000000137e+00
4.694484677314758301e+02,1.000970000000000137e+00
4.697994678020477295e+02,1.000970000000000137e+00
4.701484677791595459e+02,1.000970000000000137e+00
4.704994678497314453e+02,1.000970000000000137e+00
4.708474678993225098e+02,1.000970000000000137e+00
4.711974680423736572e+02,1.000970000000000137e+00
4.715484678745269775e+02,1.000970000000000137e+00
4.718984680175781250e+02,1.000970000000000137e+00
4.722494678497314453e+02,1.000970000000000137e+00
4.725984678268432617e+02,1.000970000000000137e+00
4.729494678974151611e+02,1.000970000000000137e+00
4.732984678745269775e+02,1.000970000000000137e+00
4.736484677791595459e+02,1.000970000000000137e+00
4.739984679222106934e+02,1.000970000000000137e+00
4.743494679927825928e+02,1.000970000000000137e+00
4.746984679698944092e+02,1.000970000000000137e+00
4.750494678020477295e+02,1.000970000000000137e+00
4.753994679450988770e+02,1.000979999999999981e+00
4.757504680156707764e+02,1.000970000000000137e+00
4.761004679203033447e+02,1.000970000000000137e+00
4.764514677524566650e+02,1.000970000000000137e+00
4.767994678020477295e+02,1.000970000000000137e+00
4.771504678726196289e+02,1.000970000000000137e+00
4.775004677772521973e+02,1.000970000000000137e+00
4.778504679203033447e+02,1.000970000000000137e+00
4.782014677524566650e+02,1.000970000000000137e+00
4.785504679679870605e+02,1.000960000000000072e+00
4.789014680385589600e+02,1.000960000000000072e+00
4.792514679431915283e+02,1.000960000000000072e+00
4.796014678478240967e+02,1.000970000000000137e+00
4.799514677524566650e+02,1.000970000000000137e+00
4.803014678955078125e+02,1.000970000000000137e+00
4.806514678001403809e+02,1.000970000000000137e+00
4.810024678707122803e+02,1.000970000000000137e+00
4.813524677753448486e+02,1.000970000000000137e+00
4.817024679183959961e+02,1.000970000000000137e+00
4.820524678230285645e+02,1.000970000000000137e+00
4.824034678936004639e+02,1.000979999999999981e+00
4.827514679431915283e+02,1.000970000000000137e+00
4.831014680862426758e+02,1.000970000000000137e+00
4.834504678249359131e+02,1.000970000000000137e+00
4.837994678020477295e+02,1.000979999999999981e+00
4.841504678726196289e+02,1.000970000000000137e+00
4.845004677772521973e+02,1.000979999999999981e+00
4.848504679203033447e+02,1.000970000000000137e+00
4.851994678974151611e+02,1.000970000000000137e+00
4.855494680404663086e+02,1.000970000000000137e+00
4.858984680175781250e+02,1.000970000000000137e+00
4.862484679222106934e+02,1.000970000000000137e+00
4.865974678993225098e+02,1.000970000000000137e+00
4.869474678039550781e+02,1.000970000000000137e+00
4.872964677810668945e+02,1.000970000000000137e+00
4.876464679241180420e+02,1.000970000000000137e+00
4.879954679012298584e+02,1.000970000000000137e+00
4.883454678058624268e+02,1.000970000000000137e+00
4.886954679489135742e+02,1.000970000000000137e+00
4.890444676876068115e+02,1.000970000000000137e+00
4.893964679241180420e+02,1.000970000000000137e+00
4.897454676628112793e+02,1.000970000000000137e+00
4.900954678058624268e+02,1.000970000000000137e+00
4.904444677829742432e+02,1.000970000000000137e+00
4.907974679470062256e+02,1.000970000000000137e+00
4.911464679241180420e+02,1.000970000000000137e+00
4.914964678287506104e+02,1.000970000000000137e+00
4.918474678993225098e+02,1.000960000000000072e+00
4.921974680423736572e+02,1.000970000000000137e+00
4.925464680194854736e+02,1.000970000000000137e+00
4.928984680175781250e+02,1.000970000000000137e+00
4.932474677562713623e+02,1.000970000000000137e+00
4.935974678993225098e+02,1.000970000000000137e+00
4.939484677314758301e+02,1.000970000000000137e+00
4.942984678745269775e+02,1.000970000000000137e+00
4.946474678516387939e+02,1.000970000000000137e+00
4.949994678497314453e+02,1.000970000000000137e+00
4.953484678268432617e+02,1.000970000000000137e+00
4.956984679698944092e+02,1.000970000000000137e+00
4.960474679470062256e+02,1.000970000000000137e+00
4.963964679241180420e+02,1.000970000000000137e+00
4.967494680881500244e+02,1.000970000000000137e+00
4.970984678268432617e+02,1.000970000000000137e+00
4.974484677314758301e+02,1.000970000000000137e+00
4.977994678020477295e+02,1.000960000000000072e+00
4.981494679450988770e+02,1.000960000000000072e+00
4.984984679222106934e+02,1.000970000000000137e+00
4.988504679203033447e+02,1.000970000000000137e+00
4.991994678974151611e+02,1.000960000000000072e+00
4.995494680404663086e+02,1.000970000000000137e+00
4.998994679450988770e+02,1.000960000000000072e+00
5.002494678497314453e+02,1.000960000000000072e+00
5.006004679203033447e+02,1.000970000000000137e+00
5.009504678249359131e+02,1.000970000000000137e+00
5.012994678020477295e+02,1.000970000000000137e+00
5.016514678001403809e+02,1.000960000000000072e+00
5.020014677047729492e+02,1.000970000000000137e+00
5.023524677753448486e+02,1.000970000000000137e+00
5.027014679908752441e+02,1.000970000000000137e+00
5.030514678955078125e+02,1.000970000000000137e+00
5.034014678001403809e+02,1.000970000000000137e+00
5.037504680156707764e+02,1.000970000000000137e+00
5.041014680862426758e+02,1.000970000000000137e+00
5.044504678249359131e+02,1.000979999999999981e+00
5.048004677295684814e+02,1.000970000000000137e+00
5.051514678001403809e+02,1.000970000000000137e+00
5.055014679431915283e+02,1.000970000000000137e+00
5.058504679203033447e+02,1.000970000000000137e+00
5.062024679183959961e+02,1.000970000000000137e+00
5.065514678955078125e+02,1.000970000000000137e+00
5.069024679660797119e+02,1.000979999999999981e+00
5.072514679431915283e+02,1.000970000000000137e+00
5.076034679412841797e+02,1.000970000000000137e+00
5.079524679183959961e+02,1.000970000000000137e+00
5.083024678230285645e+02,1.000970000000000137e+00
5.086534678936004639e+02,1.000970000000000137e+00
5.090034677982330322e+02,1.000970000000000137e+00
5.093524677753448486e+02,1.000970000000000137e+00
5.097034678459167480e+02,1.000960000000000072e+00
5.100534679889678955e+02,1.000970000000000137e+00
5.104024679660797119e+02,1.000970000000000137e+00
5.107544679641723633e+02,1.000970000000000137e+00
5.111034679412841797e+02,1.000970000000000137e+00
5.114534680843353271e+02,1.000970000000000137e+00
5.118044679164886475e+02,1.000970000000000137e+00
5.121544678211212158e+02,1.000960000000000072e+00
5.125034677982330322e+02,1.000960000000000072e+00
5.128554677963256836e+02,1.000960000000000072e+00
5.132044677734375000e+02,1.000960000000000072e+00
5.135544679164886475e+02,1.000960000000000072e+00
5.139054677486419678e+02,1.000970000000000137e+00
5.142554678916931152e+02,1.000970000000000137e+00
5.146044678688049316e+02,1.000970000000000137e+00
5.149534678459167480e+02,1.000970000000000137e+00
5.153054678440093994e+02,1.000970000000000137e+00
5.156554679870605469e+02,1.000970000000000137e+00
5.160054678916931152e+02,1.000970000000000137e+00
5.163544678688049316e+02,1.000970000000000137e+00
5.167064678668975830e+02,1.000970000000000137e+00
5.170554678440093994e+02,1.000970000000000137e+00
5.174064679145812988e+02,1.000970000000000137e+00
5.177564678192138672e+02,1.000970000000000137e+00
5.181064679622650146e+02,1.000970000000000137e+00
5.184564678668975830e+02,1.000970000000000137e+00
5.188074679374694824e+02,1.000970000000000137e+00
5.191564679145812988e+02,1.000970000000000137e+00
5.195074679851531982e+02,1.000970000000000137e+00
5.198564677238464355e+02,1.000960000000000072e+00
5.202074677944183350e+02,1.000960000000000072e+00
5.205574679374694824e+02,1.000960000000000072e+00
5.209084677696228027e+02,1.000960000000000072e+00
5.212574677467346191e+02,1.000960000000000072e+00
5.216074678897857666e+02,1.000960000000000072e+00
5.219574680328369141e+02,1.000970000000000137e+00
5.223084678649902344e+02,1.000970000000000137e+00
5.226584680080413818e+02,1.000960000000000072e+00
5.230074679851531982e+02,1.000960000000000072e+00
5.233594679832458496e+02,1.000970000000000137e+00
5.237084677219390869e+02,1.000970000000000137e+00
5.240584678649902344e+02,1.000970000000000137e+00
5.244084677696228027e+02,1.000970000000000137e+00
5.247584679126739502e+02,1.000970000000000137e+00
5.251084678173065186e+02,1.000970000000000137e+00
5.254594678878784180e+02,1.000970000000000137e+00
5.258094677925109863e+02,1.000970000000000137e+00
5.261604678630828857e+02,1.000970000000000137e+00
5.265104680061340332e+02,1.000970000000000137e+00
5.268604679107666016e+02,1.000970000000000137e+00
5.272094676494598389e+02,1.000970000000000137e+00
5.275584678649902344e+02,1.000970000000000137e+00
5.279094679355621338e+02,1.000970000000000137e+00
5.282584679126739502e+02,1.000970000000000137e+00
5.286094677448272705e+02,1.000970000000000137e+00
5.289604678153991699e+02,1.000970000000000137e+00
5.293104679584503174e+02,1.000970000000000137e+00
5.296604678630828857e+02,1.000970000000000137e+00
5.300114679336547852e+02,1.000970000000000137e+00
5.303604679107666016e+02,1.000979999999999981e+00
5.307124679088592529e+02,1.000979999999999981e+00
5.310624680519104004e+02,1.000979999999999981e+00
5.314124677181243896e+02,1.000979999999999981e+00
5.317624678611755371e+02,1.000979999999999981e+00
5.321134676933288574e+02,1.000979999999999981e+00
5.324624679088592529e+02,1.000979999999999981e+00
5.328124678134918213e+02,1.000979999999999981e+00
5.331624679565429688e+02,1.000979999999999981e+00
5.335134677886962891e+02,1.000979999999999981e+00
5.338634679317474365e+02,1.000979999999999981e+00
5.342134680747985840e+02,1.000979999999999981e+00
5.345634679794311523e+02,1.000979999999999981e+00
5.349124677181243896e+02,1.000979999999999981e+00
5.352624678611755371e+02,1.000979999999999981e+00
5.356124677658081055e+02,1.000979999999999981e+00
5.359634678363800049e+02,1.000970000000000137e+00
5.363124678134918213e+02,1.000970000000000137e+00
5.366624679565429688e+02,1.000979999999999981e+00
5.370134680271148682e+02,1.000979999999999981e+00
5.373634679317474365e+02,1.000979999999999981e+00
5.377134678363800049e+02,1.000979999999999981e+00
5.380644679069519043e+02,1.000979999999999981e+00
5.384144680500030518e+02,1.000979999999999981e+00
5.387654678821563721e+02,1.000979999999999981e+00
5.391154677867889404e+02,1.000970000000000137e+00
5.394644677639007568e+02,1.000979999999999981e+00
5.398154678344726562e+02,1.000970000000000137e+00
5.401654679775238037e+02,1.000979999999999981e+00
5.405154678821563721e+02,1.000970000000000137e+00
5.408664679527282715e+02,1.000970000000000137e+00
5.412164678573608398e+02,1.000970000000000137e+00
5.415674679279327393e+02,1.000970000000000137e+00
5.419174680709838867e+02,1.000970000000000137e+00
5.422664680480957031e+02,1.000970000000000137e+00
5.426164677143096924e+02,1.000970000000000137e+00
5.429664678573608398e+02,1.000970000000000137e+00
5.433164677619934082e+02,1.000970000000000137e+00
5.436664679050445557e+02,1.000970000000000137e+00
5.440164678096771240e+02,1.000970000000000137e+00
5.443664679527282715e+02,1.000979999999999981e+00
5.447164678573608398e+02,1.000979999999999981e+00
5.450664680004119873e+02,1.000979999999999981e+00
5.454164679050445557e+02,1.000970000000000137e+00
5.457664680480957031e+02,1.000979999999999981e+00
5.461174678802490234e+02,1.000979999999999981e+00
5.464664678573608398e+02,1.000979999999999981e+00
5.468174676895141602e+02,1.000979999999999981e+00
5.471664679050445557e+02,1.000979999999999981e+00
5.475154678821563721e+02,1.000979999999999981e+00
5.478674678802490234e+02,1.000979999999999981e+00
5.482174677848815918e+02,1.000979999999999981e+00
5.485674679279327393e+02,1.000979999999999981e+00
5.489164679050445557e+02,1.000970000000000137e+00
5.492684679031372070e+02,1.000979999999999981e+00
5.496174676418304443e+02,1.000979999999999981e+00
5.499684677124023438e+02,1.000979999999999981e+00
5.503184678554534912e+02,1.000970000000000137e+00
5.506694679260253906e+02,1.000979999999999981e+00
5.510194678306579590e+02,1.000979999999999981e+00
5.513694677352905273e+02,1.000979999999999981e+00
5.517194678783416748e+02,1.000979999999999981e+00
5.520704679489135742e+02,1.000979999999999981e+00
5.524194679260253906e+02,1.000979999999999981e+00
5.527704679965972900e+02,1.000979999999999981e+00
5.531194679737091064e+02,1.000979999999999981e+00
5.534704680442810059e+02,1.000979999999999981e+00
5.538204677104949951e+02,1.000979999999999981e+00
5.541694676876068115e+02,1.000979999999999981e+00
5.545194678306579590e+02,1.000979999999999981e+00
5.548694679737091064e+02,1.000990000000000046e+00
5.552194678783416748e+02,1.000990000000000046e+00
5.555704679489135742e+02,1.000990000000000046e+00
5.559214677810668945e+02,1.000979999999999981e+00
5.562704679965972900e+02,1.000979999999999981e+00
5.566204679012298584e+02,1.000979999999999981e+00
5.569704680442810059e+02,1.000979999999999981e+00
5.573214676380157471e+02,1.000979999999999981e+00
5.576704678535461426e+02,1.000979999999999981e+00
5.580214679241180420e+02,1.000979999999999981e+00
5.583714678287506104e+02,1.000979999999999981e+00
5.587214677333831787e+02,1.000979999999999981e+00
5.590714678764343262e+02,1.000979999999999981e+00
5.594214680194854736e+02,1.000970000000000137e+00
5.597704679965972900e+02,1.000979999999999981e+00
5.601214678287506104e+02,1.000970000000000137e+00
5.604714679718017578e+02,1.000970000000000137e+00
5.608214681148529053e+02,1.000970000000000137e+00
5.611714677810668945e+02,1.000979999999999981e+00
5.615214676856994629e+02,1.000979999999999981e+00
5.618714678287506104e+02,1.000979999999999981e+00
5.622224678993225098e+02,1.000979999999999981e+00
5.625724678039550781e+02,1.000979999999999981e+00
5.629224679470062256e+02,1.000979999999999981e+00
5.632734677791595459e+02,1.000979999999999981e+00
5.636224679946899414e+02,1.000970000000000137e+00
5.639734680652618408e+02,1.000970000000000137e+00
5.643224680423736572e+02,1.000979999999999981e+00
5.646724677085876465e+02,1.000979999999999981e+00
5.650224678516387939e+02,1.000979999999999981e+00
5.653744678497314453e+02,1.000979999999999981e+00
5.657234678268432617e+02,1.000979999999999981e+00
5.660754678249359131e+02,1.000979999999999981e+00
5.664244678020477295e+02,1.000970000000000137e+00
5.667754678726196289e+02,1.000979999999999981e+00
5.671244678497314453e+02,1.000979999999999981e+00
5.674734678268432617e+02,1.000979999999999981e+00
5.678234679698944092e+02,1.000979999999999981e+00
5.681744680404663086e+02,1.000979999999999981e+00
5.685234677791595459e+02,1.000970000000000137e+00
5.688744678497314453e+02,1.000979999999999981e+00
5.692244677543640137e+02,1.000979999999999981e+00
5.695744678974151611e+02,1.000979999999999981e+00
5.699244678020477295e+02,1.000970000000000137e+00
5.702734677791595459e+02,1.000979999999999981e+00
5.706234679222106934e+02,1.000970000000000137e+00
5.709754679203033447e+02,1.000979999999999981e+00
5.713254680633544922e+02,1.000979999999999981e+00
5.716744680404663086e+02,1.000979999999999981e+00
5.720254676342010498e+02,1.000970000000000137e+00
5.723754677772521973e+02,1.000979999999999981e+00
5.727254679203033447e+02,1.000979999999999981e+00
5.730744678974151611e+02,1.000979999999999981e+00
5.734264678955078125e+02,1.000979999999999981e+00
5.737764678001403809e+02,1.000979999999999981e+00
5.741264679431915283e+02,1.000979999999999981e+00
5.744764678478240967e+02,1.000979999999999981e+00
5.748254678249359131e+02,1.000979999999999981e+00
5.751754679679870605e+02,1.000979999999999981e+00
5.755264680385589600e+02,1.000979999999999981e+00
5.758774681091308594e+02,1.000979999999999981e+00
5.762264678478240967e+02,1.000979999999999981e+00
5.765764677524566650e+02,1.000979999999999981e+00
5.769264678955078125e+02,1.000979999999999981e+00
5.772764678001403809e+02,1.000979999999999981e+00
5.776264679431915283e+02,1.000970000000000137e+00
5.779784679412841797e+02,1.000970000000000137e+00
5.783284678459167480e+02,1.000970000000000137e+00
5.786784679889678955e+02,1.000970000000000137e+00
5.790294680595397949e+02,1.000970000000000137e+00
5.793804678916931152e+02,1.000979999999999981e+00
5.797304680347442627e+02,1.000970000000000137e+00
5.800804677009582520e+02,1.000979999999999981e+00
5.804304678440093994e+02,1.000979999999999981e+00
5.807794678211212158e+02,1.000979999999999981e+00
5.811294677257537842e+02,1.000970000000000137e+00
5.814784679412841797e+02,1.000970000000000137e+00
5.818294680118560791e+02,1.000970000000000137e+00
5.821784679889678955e+02,1.000979999999999981e+00
5.825284678936004639e+02,1.000979999999999981e+00
5.828774681091308594e+02,1.000979999999999981e+00
5.832304680347442627e+02,1.000979999999999981e+00
5.835794677734375000e+02,1.000979999999999981e+00
5.839294676780700684e+02,1.000979999999999981e+00
5.842804677486419678e+02,1.000979999999999981e+00
5.846304678916931152e+02,1.000979999999999981e+00
5.849794678688049316e+02,1.000979999999999981e+00
5.853314678668975830e+02,1.000979999999999981e+00
5.856804678440093994e+02,1.000979999999999981e+00
5.860294680595397949e+02,1.000979999999999981e+00
5.863814680576324463e+02,1.000990000000000046e+00
5.867304680347442627e+02,1.000990000000000046e+00
5.870804677009582520e+02,1.000990000000000046e+00
5.874314677715301514e+02,1.000979999999999981e+00
5.877814679145812988e+02,1.000990000000000046e+00
5.881304678916931152e+02,1.000979999999999981e+00
5.884824678897857666e+02,1.000979999999999981e+00
5.888314678668975830e+02,1.000979999999999981e+00
5.891814680099487305e+02,1.000990000000000046e+00
5.895324678421020508e+02,1.000979999999999981e+00
5.898824679851531982e+02,1.000979999999999981e+00
5.902314679622650146e+02,1.000979999999999981e+00
5.905834679603576660e+02,1.000979999999999981e+00
5.909324676990509033e+02,1.000979999999999981e+00
5.912824678421020508e+02,1.000979999999999981e+00
5.916324677467346191e+02,1.000979999999999981e+00
5.919824678897857666e+02,1.000979999999999981e+00
5.923314678668975830e+02,1.000979999999999981e+00
5.926834678649902344e+02,1.000990000000000046e+00
5.930324678421020508e+02,1.000979999999999981e+00
5.933814680576324463e+02,1.000979999999999981e+00
5.937334680557250977e+02,1.000979999999999981e+00
5.940824680328369141e+02,1.000979999999999981e+00
5.944324676990509033e+02,1.000979999999999981e+00
5.947834677696228027e+02,1.000979999999999981e+00
5.951334679126739502e+02,1.000979999999999981e+00
5.954824678897857666e+02,1.000979999999999981e+00
5.958344678878784180e+02,1.000979999999999981e+00
5.961844677925109863e+02,1.000979999999999981e+00
5.965354678630828857e+02,1.000979999999999981e+00
5.968844678401947021e+02,1.000979999999999981e+00
5.972354679107666016e+02,1.000979999999999981e+00
5.975844678878784180e+02,1.000979999999999981e+00
5.979344680309295654e+02,1.000979999999999981e+00
5.982834677696228027e+02,1.000979999999999981e+00
5.986344678401947021e+02,1.000979999999999981e+00
5.989834678173065186e+02,1.000979999999999981e+00
5.993334679603576660e+02,1.000979999999999981e+00
5.996834678649902344e+02,1.000979999999999981e+00
